"項目	", 更新日期,連結路徑
信用資訊的重要性, 2015/10/11, https://www.jcic.org.tw/main_ch/docDetail.aspx?uid=86&pid=86&docid=72
信用資料的查詢, 2020/1/30, https://www.jcic.org.tw/main_ch/docDetail.aspx?uid=87&pid=87&docid=411
與債協用清冊相關問題, 2015/12/15, https://www.jcic.org.tw/main_ch/docDetail.aspx?uid=88&pid=88&docid=77
與展延用清冊清冊相關問題,2016/10/4, https://www.jcic.org.tw/main_ch/docDetail.aspx?uid=89&pid=89&docid=78
"與個人信用評分相關問題	", 2017/9/8, https://www.jcic.org.tw/main_ch/List.aspx?uid=90&pid=90
與企業信用評分相關問題,2015/12/16, https://www.jcic.org.tw/main_ch/List.aspx?uid=91&pid=91
信用資料更正, 2018/11/7, https://www.jcic.org.tw/main_ch/List.aspx?uid=95&pid=95
信用資料的註記, 2015/10/18, https://www.jcic.org.tw/main_ch/List.aspx?uid=94&pid=94
信用報告內容諮詢, 2018/11/27 , https://www.jcic.org.tw/main_ch/List.aspx?uid=97&pid=97
金融機構查詢信用資訊說明--符合法令規定, 2015/10/15 , https://www.jcic.org.tw/main_ch/docDetail.aspx?uid=76&pid=76&docid=82
信用資料的揭露, 2016/1/8, https://www.jcic.org.tw/main_ch/docDetail.aspx?uid=78&pid=78&docid=84
