department,question
勞動部勞工保險局,20.勞工的勞保、職保投保資料及勞工退休金個人專戶有哪些查詢方式？
勞動部勞工保險局,19.領年金期間身故 遺屬還可領差額金？
勞動部勞工保險局,18.勞保湊國保，也能領年金！
勞動部勞工保險局,17.如何請領勞保老年給付，較有利？
勞動部勞工保險局,16.勞保年金延後或提前領，每年增減4％
勞動部勞工保險局,15.想幾歲領老年年金？先算出生年次！
勞動部勞工保險局,14.勞保中斷多年，仍得請領老年給付？
勞動部勞工保險局,35. 什麼是保證收益？保證收益率如何計算及查詢？
勞動部勞工保險局,1.老王為農保被保險人，最近遇到勞、農保黃牛，要替老王代辦農保身心障礙給付，並要老王簽切結書，如您剛好在旁，要如何檢舉黃牛呢？
勞動部勞工保險局,5.我是公司會計，最近公司一位新進員工，但是他請公司不要為他加保，以便能繼續請領失業給付，這樣可以嗎？
勞動部勞工保險局,4.我去醫院就診時，有人發傳單給我並慫恿我委託他代辦申請勞保給付，推銷自己專業又有門路，可以很快領到較多錢，該如何檢舉？
勞動部勞工保險局,3.我因長期從事作業員工作導致「腕隧道症狀群」之職業病，公司不幫我申請職災傷病給付，該如何申訴呢？
勞動部勞工保險局,2.我在工作中受傷，公司不幫我申請職災，也不付我薪水，該如何申訴呢？
勞動部勞工保險局,45. 漁會受理老農津貼網路初審作業相關Q&A(限漁會承辦人使用)
勞動部勞工保險局,1.公司沒有幫我保勞保，或是投保薪資低報，以致影響我的勞保給付，我該如何申訴呢?
勞動部勞工保險局,5. 我到公立就業服務機構申請失業給付或職業訓練生活津貼，還要另外到勞保局辦理申請專戶嗎？
勞動部勞工保險局,5. 農民職災保險被保險人的保險費應如何計算？
勞動部勞工保險局,6.我想要檢舉公司沒幫我加保，我的身分會曝光嗎？
勞動部勞工保險局,6. 參加農民職災保險之身心障礙者，個人應繳納之保險費金額有減免補助嗎？ 
勞動部勞工保險局,1.我發現雇主沒有依規定提繳勞工退休金，應如何申訴？
勞動部勞工保險局,4. 那些醫療機構有辦理勞工保險預防職業病健康檢查？
勞動部勞工保險局,3. 預防職業病健康檢查需支付費用嗎？
勞動部勞工保險局,2. 如何辦理申請勞工保險預防職業病健康檢查？
勞動部勞工保險局,5. 申請核退職災醫療費用時，應檢具哪些文件？
勞動部勞工保險局,6.我的朋友說他們公司同意員工一邊上班、一邊向勞保局請領育嬰留職停薪津貼，該如何檢舉？
勞動部勞工保險局,1. 何謂預防職業病健康檢查？
勞動部勞工保險局,退保後職業病醫療補助、失能津貼及死亡津貼
勞動部勞工保險局,2. 如何取得勞工保險職業傷病醫療書單？
勞動部勞工保險局,10. 對於勞保局核定墊償案件不服時，是否有行政救濟管道？
勞動部勞工保險局,5. 被保險人至認可醫療機構接受健康檢查時要注意哪些事項？
勞動部勞工保險局,7. 我要申請積欠工資、勞基法之退休金、資遣費或勞工退休金條例之資遣費墊償，要怎麼辦理？要準備那些書表和證明文件？何處可取得積欠工資墊償的申請書表？
勞動部勞工保險局,4. 職災就診時未帶相關證件，如何處理？
勞動部勞工保險局,6. 我的老闆欠我薪水，我可不可以申請墊償？
勞動部勞工保險局,2. 什麼是保證收益？保證收益率如何計算？勞動部勞動基金運用局公告的保證收益率，如何查詢？
勞動部勞工保險局,6. 如果在參加國民年金保險期間死亡，而且同時符合勞保死亡給付的請領規定，遺屬是否可以同時請領國保和勞保的給付？ 
勞動部勞工保險局,9. 我申請墊償要多久的時間才會核發？我要怎麼去領取？要不要繳納手續費？要扣所得稅嗎？雇主要歸還勞保局代墊的工資嗎？
勞動部勞工保險局,5. 我發現在勞保局e化服務系統申報的勞退資料有錯，可以重新申報或更正嗎？
勞動部勞工保險局,6. 利用健保署網路加退保作業系統申報時，是否可申報勞退之提繳/停繳/提繳工資調整？
勞動部勞工保險局,1. 如何計算個別勞工退休金專戶之收益金額？每年什麼時候辦理收益分配？我要怎麼知道我的退休金分配到多少收益？若勞退基金運用產生虧損時怎麼辦？會影響我的退休金（本金）嗎？
勞動部勞工保險局,3. 進入「勞保申辦作業」，申報合一加保或薪調時，只有1個「月實際工資」欄可輸入金額，該如何申報？
勞動部勞工保險局,4. 調整雇主提繳率及勞工個人自願提繳率，可至勞保局e化服務系統申報嗎？申報後何時生效？
勞動部勞工保險局,6. 現在是資訊時代，為何不能語音查詢勞退明細？ 
勞動部勞工保險局,1. 如何成為勞退網路申辦的提繳單位？
勞動部勞工保險局,3. 新制勞工退休基金110年度收益分配Q&A
勞動部勞工保險局,未加保職災勞工失能補助及死亡補助
勞動部勞工保險局,2. 如何進入勞保局e化服務系統？ 
勞動部勞工保險局,8. 我現在是勞保或國保被保險人領有重度以上身心障礙手冊（證明）且沒有工作能力，可以先請領勞工退休金後，再去申請勞保失能或國保身心障礙給付嗎？
勞動部勞工保險局,3. 投保單位未依規定發給職業傷病門、住診醫療書單時如何處理？
勞動部勞工保險局,1. 我要怎麼知道老闆有沒有按時為我繳納退休金？如何查詢勞工個人專戶金額？
勞動部勞工保險局,3. 我要如何申辦勞動保障卡？可到哪幾家銀行申辦？是否需支付費用？可以同時向多家銀行申請多張勞動保障卡嗎？不慎遺失勞動保障卡，該如何辦理？
勞動部勞工保險局,8. 我有投保勞保是不是就可以申請墊償？可以墊付的範圍？申請的金額是以實際工資或勞保投保薪資計算？
勞動部勞工保險局,5. 勞動保障卡、郵政金融卡可查詢哪些內容呢？
勞動部勞工保險局,3. 我請領勞工退休金後又繼續工作所提繳的退休金（續提退休金）要怎麼請領？可以用自然人憑證上網申請續提退休金嗎？請領續提退休金是否有時間限制？
勞動部勞工保險局,1. 我是參加勞退新制的勞工，什麼時候可以領取新制退休金呢？要如何辦理？需要由公司幫我申請嗎？ 
勞動部勞工保險局,30.原選擇適用勞動基準法之退休金制度(舊制)之工友(含技工、駕駛)，如99年7月1日後配合政府員額精簡政策移撥改僱，得否在新單位改選適用勞工退休金條例之退休金制度(新制)？
勞動部勞工保險局,2. 勞工退休金個人專戶的各月份資料，何時可查詢得到？
勞動部勞工保險局,2. 我已經從公司退休了，但還沒滿60歲，可以先請領個人專戶的退休金嗎？未滿60歲前失業的話，可以提前請領退休金嗎？
勞動部勞工保險局,5. 勞退新制工作年資如何計算？我曾轉換工作，不同公司的工作年資可以合併計算嗎？如果我留職停薪1年，工作年資是否照計？我爸爸領取退休金後又繼續工作，他的工作年資又該如何計算？
勞動部勞工保險局,26.「外國專業人才延攬及僱用法」(以下簡稱外專法)將哪些人員納入勞退新制適用對象？
勞動部勞工保險局,25. 外籍配偶、陸港澳地區配偶納入勞退新制適用對象，該類人員應如何提繳退休金？
勞動部勞工保險局,7. 我未滿60歲領有重度以上身心障礙手冊（證明）且已無工作能力可以提前請領勞工退休金嗎？
勞動部勞工保險局,27.外專法施行前受聘僱之永久居留外國專業人才，自何時起適用勞退新制？
勞動部勞工保險局,28.外專法施行後受聘僱之永久居留外國專業人才，自何時起適用勞退新制？
勞動部勞工保險局,4. 我要如何申請郵政金融卡查詢勞退、勞保資料服務？是否須支付費用？可以同時申請勞動保障卡及郵政金融卡查詢服務嗎？
勞動部勞工保險局,6. 我與雇主結清舊制的退休金全額移入勞保局工作年資是否可以併計？如果只移入一半的結清金，年資可以併計一半嗎？什麼時候可以請領月退休金？
勞動部勞工保險局,24.部分工時、短期工作人員之勞退提繳工資應如何申報？
勞動部勞工保險局,22. 勞工退休金滯納金是如何計算的？滯納金如逾限未繳，勞保局會怎麼處理？
勞動部勞工保險局,21. 如何辦理勞工退休金轉帳代繳？轉帳代繳扣款日是那一天？如扣款時帳戶存款不足，勞保局如何處理？
勞動部勞工保險局,"18. 工資高於職保最高級數（72,800元）或低於勞保最低級數（11,100元），可否填寫合一加保申報表申報提繳勞工退休金？工資如何填寫？另工資低於基本工資的部分工時人員如何提繳退休金？"
勞動部勞工保險局,4. 勞工死亡其退休金由誰請領？遺屬請領勞工退休金有先後順序嗎？勞工在生前可不可以指定順位遺屬以外的請領人請領勞工退休金？
勞動部勞工保險局,15. 我爸爸是鄉公所多元就業方案進用的人員，為什麼鄉公所沒有幫他提繳勞工退休金呢？
勞動部勞工保險局,17. 加班費要不要納入勞工退休金月提繳工資申報？年終或三節獎金呢？
勞動部勞工保險局,12. 公立單位（含公立機關、公立學校、公立醫院）可以用勞保局網站上的合一表格替新進員工辦理加保及提繳勞工退休金嗎？
勞動部勞工保險局,29.申報永久居留外國專業人才提繳退休金作業需檢附之證明文件？
勞動部勞工保險局,14. 公司配合政府推廣的青年職場體驗計畫，進用了一批見習訓練青年，他們是不用提繳勞工退休金，我在替他們辦理加保時要怎樣申報才不會被提繳退休金？如果這些見習訓練青年做得不錯，日後我想僱用他們，到時如何申報提繳勞工退休金？
勞動部勞工保險局,9. 雇主應該負擔的退休金如何計算？如果沒有全月在職又該如何計算？
勞動部勞工保險局,11. 哪些人是勞退新制的強制提繳對象？是不是參加勞保之員工，雇主才須提繳勞工退休金？
勞動部勞工保險局,13. 受委任工作者及不適用勞基法之勞工，要如何自願提繳勞工退休金？如果還在上班，但不想自提了，要如何停止提繳？另外，年齡超過60歲還可以提繳退休金嗎？
勞動部勞工保險局,20. 公司在什麼情況需向勞保局申報變更基本資料？公司改電話號碼要不要申報變更？如何申報？公司何時要申報員工基本資料變更？
勞動部勞工保險局,5. 我已經退休領過勞保退休金，再去工作的話，老闆還需要幫我提繳勞工退休金嗎？何時能請領勞工退休金？
勞動部勞工保險局,10. 勞保局何時會寄退休金繳款單？應於何時繳納？如何繳納？
勞動部勞工保險局,3. 老闆從我薪水內扣除雇主應負擔6%的勞工退休金，這樣合法嗎？我要如何保障我的權益？
勞動部勞工保險局,2. 我選了勞退新制後，舊制年資就不見了嗎？我可以要求老闆先結清舊制年資退休金嗎？老闆可以不同意嗎？
勞動部勞工保險局,8.月提繳工資是以全薪、底薪或實領薪資提繳？如有變動應於何時申報？何時生效？如果我每月的薪水都不固定，又應該如何申報調整?應填何種表格申報調整？
勞動部勞工保險局,1. 我要怎麼知道自己是適用勞退新制還是舊制？
勞動部勞工保險局,4. 雇主沒有按時繳納墊償提繳費會不會被處罰？對勞工會有影響嗎？
勞動部勞工保險局,5. 只有參加就業保險或職業災害保險之勞工，要不要提繳積欠工資墊償基金？
勞動部勞工保險局,23. 勞工查詢勞工退休金個人專戶儲存情形，發現公司有數月未提繳勞工退休金，請問勞保局如何處置？勞工的權益又如何保障？
勞動部勞工保險局,6. 我在速食店打工，老闆需要幫我提繳勞工退休金嗎？另外，我總共在3個不同的速食店打工，是只要其中一個店幫我提繳就好？還是每一個店都要幫我提繳？
勞動部勞工保險局,3. 勞工是不是加入勞保，就適用積欠工資墊償基金制度？公司如果僱用不適用勞基法人員時要如何為其辦理投保？
勞動部勞工保險局,2. 要如何繳納積欠工資墊償基金？勞工要負擔嗎？公司已繳納的積欠工資墊償基金，在公司歇業後沒有發生積欠員工工資、退休金或資遣費時，可否退還？
勞動部勞工保險局,19. 老闆想為員工調整雇主提繳率要用什麼表格申報？申報時應注意什麼？申報後從什麼時候開始調整生效？另外，公司的員工想調整個人自願提繳率要用什麼表格申報？調整生效的時點和雇主提繳率調整一樣嗎？提繳率調整1年內是否只能調2次？1年內如何計算？
勞動部勞工保險局,3. 請領失蹤津貼的請求時間為何？
勞動部勞工保險局,16. 我最近身體不太好，向公司請病假請了1個月，公司說我整個月沒來上班，要把我的勞工退休金停掉，這是合法的嗎？如果是向公司申請留職停薪的情況呢？另外，如果是遭遇職災的話，又有什麼不同？
勞動部勞工保險局,1. 遭遇職業傷害或罹患職業病，應如何就診？
勞動部勞工保險局,4. 可以請領失蹤津貼的期限為何？
勞動部勞工保險局,24. 領取老年年金之後死亡，遺屬要通知勞保局嗎？
勞動部勞工保險局,23. 老年給付要不要扣稅？
勞動部勞工保險局,22. 負責人是否一定要加勞保？以後可以申請老年給付嗎？領了老年給付後就不能再當負責人了嗎？
勞動部勞工保險局,20. 一次請領勞保老年給付者，其60歲以後年資最多只採計5年，那無法計算年資的投保期間，是不是可以在請領老年給付時辦理退費？
勞動部勞工保險局,19. 選擇一次請領勞保老年給付者，60歲以後如果繼續在職工作，而年資累計已達5年無法再增加，是不是可以先辦理退保？
勞動部勞工保險局,21. 選擇一次請領老年給付還是年金比較有利？一次請領可領多少？領年金每月可領多少？勞保局可以提供試算參考嗎？
勞動部勞工保險局,18. 老年給付申請一次請領和申請按月領取年金，年資計算規定有不同嗎？
勞動部勞工保險局,1. 被保險人失蹤，可否請領保險給付？
勞動部勞工保險局,1. 什麼是積欠工資墊償基金？有甚麼用途？在何處可獲得相關的資訊？
勞動部勞工保險局,4. 老闆說公司只有3個員工，沒有強制加勞保，所以也不必提勞工退休金給我，這是對的嗎？
勞動部勞工保險局,13. 如果我提前3年請領老年年金，領了3年後到60歲時，是不是可改領全額的老年年金，不必再扣減比例？
勞動部勞工保險局,12. 聽說老年年金可以提前領，是真的嗎？
勞動部勞工保險局,14. 如果提前請領老年年金，領了一段時間又找到工作，可以反悔不領嗎？
勞動部勞工保險局,10. 如果我99年1月已經60歲，保險年資25年，並已退出勞保，本來還想再找工作，但到62歲還是沒有找到，這樣我可以領多少老年年金？ 
勞動部勞工保險局,25. 勞保老年給付委託投保單位線上申辦作業相關Q&A
勞動部勞工保險局,8. 勞保年金施行時我是50歲，請問我要到何時才能請領老年年金給付？
勞動部勞工保險局,7. 我在98年1月1日勞保年金實施後才參加勞保，以後我是不是也可以一次請領老年給付？ 
勞動部勞工保險局,17. 勞保老年給付是不是只要符合年資和年齡的規定就可以請領？
勞動部勞工保險局,11. 如果我在99年4月已經滿60歲，保險年資30年，並已退出勞保，到99年12月才提出申請，延後請領還不滿1年，是不是就不能增給年金金額？ 
勞動部勞工保險局,6. 老年給付的請領時效是幾年？
勞動部勞工保險局,9. 我已經離職退保多年，如果在65歲要申請老年給付，請問還要經過投保單位蓋章嗎？
勞動部勞工保險局,7. 老闆每個月都有幫我提繳6％的勞工退休金，我自己也想自願提繳，提繳率是多少？要如何申請？如何繳費？自願提繳退休金有什麼好處呢？何時可以領回？
勞動部勞工保險局,5. 請領老年給付的年齡，係按實足年齡抑或虛齡為準？ 
勞動部勞工保險局,15. 如果勞工保險年資未滿15年，但是合併國民年金保險年資達15年，勞保可不可以選擇請領老年年金？
勞動部勞工保險局,2. 老年一次金給付的請領資格及給付標準各如何？
勞動部勞工保險局,4. 申請老年給付要準備哪些文件？
勞動部勞工保險局,1. 老年年金給付的請領資格及給付標準各如何？
勞動部勞工保險局,26.失能年金給付如何計算？
勞動部勞工保險局,24. 領取失能年金給付期間，是否還能繼續加保？還能領老年給付嗎？
勞動部勞工保險局,23. 經個別化專業評估後相關權益會有差別嗎？失能年金給付金額如何計算？
勞動部勞工保險局,25.什麼人才可以請領失能年金給付？
勞動部勞工保險局,21. 如果想透過個別化專業評估領年金，但已寄送了舊表格，可以更換申請失能年金嗎？
勞動部勞工保險局,27.如果被保險人在參加勞保期間發生重度失能，符合請領失能年金給付，如果曾經參加國保5年，可不可以合併計算？
勞動部勞工保險局,19. 是不是請領「失能年金給付」都要進行個別化專業評估？
勞動部勞工保險局,20. 經過個別化專業評估後，是不是就一定可以按月領年金？
勞動部勞工保險局,16. 被保險人在7月31日月底離職退保，同時申請勞保老年年金給付，老年年金什麼時候開始發給?
勞動部勞工保險局,18. 個別化專業評估機制施行後，失能給付的申請方式有無不同？如何申請個別化專業評估？
勞動部勞工保險局,16. 為什麼要增訂「個別化專業評估機制」？有無法令依據？
勞動部勞工保險局,14. 勞保被保險人退保後經診斷確定罹有職業病且診斷永久失能者，得否請領職業災害保險給付？
勞動部勞工保險局,17. 個別化專業評估機制何時施行？施行前同一失能狀況已領一次金，是否能透過評估機制改領年金給付？
勞動部勞工保險局,29.勞保失能年金加發眷屬補助線上申辦作業相關Q&A
勞動部勞工保險局,2. 申請失蹤津貼要準備哪些文件？
勞動部勞工保險局,13. 被保險人申請失能給付是否應退保？
勞動部勞工保險局,12. 女性被保險人因罹患子宮肌瘤致切除子宮診斷失能時已年逾45歲，可否請領失能給付？
勞動部勞工保險局,9. 勞保被保險人因車禍撞斷8顆牙齒，可否申請失能給付？
勞動部勞工保險局,3. 一次請領老年給付的請領資格及給付標準各如何？
勞動部勞工保險局,6. 勞保被保險人年逾60歲，加保20年餘，因腦溢血經治療後呈植物人狀態，可否分別請領老年年金及失能年金給付？
勞動部勞工保險局,28.勞保普通失能給付線上申辦作業相關Q&A
勞動部勞工保險局,5. 被保險人請領失能年金給付，如有配偶及子女，是否可加發眷屬補助？加發條件為何？
勞動部勞工保險局,10. 胸腹部臟器器官移植是否可領失能給付？
勞動部勞工保險局,3. 被保險人可以在那裡索閱勞保失能給付標準之相關資料？
勞動部勞工保險局,8. 勞保被保險人曾參加國民年金保險，於請領失能給付時是否可以併計國民年金保險之年資？其給付金額應如何計算？
勞動部勞工保險局,2. 申請失能給付需要檢送那些文件？
勞動部勞工保險局,22. 進行個別化專業評估需多久時間？年金何時開始發給？
勞動部勞工保險局,1. 失能給付的請領資格及給付標準各如何？
勞動部勞工保險局,15. 勞保普通傷病給付部分改以簡訊通知取代書面寄送核定函Q&A
勞動部勞工保險局,15. 什麼是失能年金給付個別化專業評估機制？ 
勞動部勞工保險局,13. 被保險人罹患重大疾病並領有重大傷病卡，是否可申請傷病給付？ 
勞動部勞工保險局,7. 被保險人因重度失能，是否不論領取失能給付一次金或失能年金給付，日後死亡均不得再行請領死亡給付？
勞動部勞工保險局,10. 被保險人育嬰留職停薪期間罹患普通傷病住院治療，可否請領勞保普通傷病給付？
勞動部勞工保險局,14. 投保單位欠繳保險費，所屬被保險人因傷病住院可否申請傷病給付？ 
勞動部勞工保險局,8. 請領失能給付後，是否仍可請領傷病給付？
勞動部勞工保險局,4. 98年1月1日新修正之勞工保險條例施行後，失能給付是否只能按月領取？
勞動部勞工保險局,11. 洗腎病人是否可以請領失能給付？
勞動部勞工保險局,12. 被保險人發生職業傷害後，半天工作、半天到醫院復健，取得部分薪資，能不能申請職災傷病給付？
勞動部勞工保險局,11. 已依勞動基準法第59條規定，按原領工資數額取得補償費用者，是否得請領傷病給付？
勞動部勞工保險局,4. 傷病給付為何規定已取得原有薪資者，不得請領？ 
勞動部勞工保險局,5. 傷病給付為何規定自不能工作的第4日起發給？ 
勞動部勞工保險局,1. 被保險人如果生病或受傷住院了，怎樣申請傷病給付？ 
勞動部勞工保險局,18. 勞保生育給付委託投保單位線上申辦作業相關Q&A
勞動部勞工保險局,16. 透過戶政事務所通報申請勞保生育給付（一站式便民服務）相關Q&A
勞動部勞工保險局,2. 被保險人因普通傷病住院不滿4日或僅門診治療或出院後在家休養期間，可否請領傷病給付？
勞動部勞工保險局,6. 被裁減資遣被保險人於繼續參加勞工保險期間發生保險事故是否可申請傷病給付？
勞動部勞工保險局,12. 已經申請勞保生育給付，會在何時領到？
勞動部勞工保險局,14. 符合勞保生育給付請領條件，但不符公保生育給付請領條件之女性公務人員，於請領勞保生育給付後，得否再申請軍公教生育補助？
勞動部勞工保險局,9. 被保險人因普通傷病申請留職停薪期間且繼續參加勞保，如因傷病住院診療，可否請領傷病給付？
勞動部勞工保險局,9. 生育給付之請領時效有多久？
勞動部勞工保險局,8. 勞保女性被保險人在停保期間懷孕，嗣後在懷孕期間如有實際從事工作並參加勞保，且分娩前參加保險日數滿280日（早產滿181日），可否申請生育給付？
勞動部勞工保險局,7. 因普通傷病住院治療，住院期間請特別休假，沒有扣薪水(照領原薪)，可否申領傷病給付？
勞動部勞工保險局,17. 勞保生育給付個人線上申辦作業相關Q&A
勞動部勞工保險局,7. 申請生育給付是否一定要在同一個單位加保滿280日或181日以上？
勞動部勞工保險局,3. 被保險人發生傷病事故後即被退保可否請領傷病給付？
勞動部勞工保險局,15. 勞保生育給付改以簡訊通知取代書面寄送核定函Q&A
勞動部勞工保險局,6. 流產是否可以申請生育給付？
勞動部勞工保險局,1. 生育給付的請領資格及給付標準各如何？
勞動部勞工保險局,4.如果已開立就業保險給付、國民年金、勞退(月退)、農退儲金及老農津貼等專戶，是否可供存入勞保給付款項？
勞動部勞工保險局,3.要如何申請開立勞保給付專戶？
勞動部勞工保險局,2. 女性被保險人懷孕後因故離職退出勞保後分娩，可否請領生育給付？
勞動部勞工保險局,10. 勞保生育給付申請書是不是一定要經過投保單位蓋章提出申請？
勞動部勞工保險局,11. 申請生育給付是不是可以指定國內任何一家銀行或郵局的帳戶？
勞動部勞工保險局,漁會經清查其會員後，其被保險人有遷移戶址或作業區域已轉移者，可否辦理追溯退保註銷欠費？
勞動部勞工保險局,5. 女性被保險人分娩，如新生兒之出生證明書或戶籍謄本未記載生父姓名，可否請領生育給付？
勞動部勞工保險局,職業工會是否需列報被保險人欠費滿一年後，始能將其除名、退會？
勞動部勞工保險局,13. 已經寄出生育給付申請書，或已於網路申辦、或透過戶政事務所通報申請生育給付成功者，要如何查詢勞保局有沒有收到及處理進度？
勞動部勞工保險局,職業工會被保險人出國、入監服刑、入伍，若未通知原加保工會為其申報退保，而造成積欠保費，該如何辦理？
勞動部勞工保險局,漁會被保險人轉由其他投保單位投保時，若未通知原加保漁會為其申報退保，造成雙重加保問題，被保險人該如何辦理取消資格？
勞動部勞工保險局,職業工會被保險人所屬工會積欠保險費時，該如何申請給付？
勞動部勞工保險局,3. 申請生育給付要準備哪些文件？
勞動部勞工保險局,4. 先生有勞保太太無勞保，可否請領生育給付？
勞動部勞工保險局,職業工會被保險人轉由其他投保單位投保時，若未通知原加保工會為其申報退保，因雙重加保而產生之欠費問題，被保險人該如何處理？
勞動部勞工保險局,24.勞工如何查詢雇主是否欠繳勞保費？
勞動部勞工保險局,22. 投保單位或工、漁會被保險人積欠保險費未繳，被勞保局移送行政執行後，如收到行政執行分署寄發的傳繳通知該怎麼辦？
勞動部勞工保險局,25.為何職業工會、漁會須檢送勞工保險專戶存摺影本、勞工保險費收繳明細及使用情形表至勞保局備查? 應於何時檢送?
勞動部勞工保險局,職業工會、漁會被保險人如果有積欠保險費，應如何申請給付？
勞動部勞工保險局,職業工會被保險人如何得知所屬工會是否積欠保險費？
勞動部勞工保險局,19. 我為什麼會收到勞保局寄發的欠繳勞保費通知？ 
勞動部勞工保險局,1.什麼是勞保給付專戶？跟一般帳戶有何不同？
勞動部勞工保險局,23. 投保單位逾期未繳保險費對被保險人權益有何影響？
勞動部勞工保險局,17. 我在職業工會(漁會)加保期間，應繳納的保險費，超過期限未繳，該怎麼辦？
勞動部勞工保險局,16. 在職業工會、漁會加勞保的會員被保險人，每月保險費要何時繳納？ 
勞動部勞工保險局,13. 投保單位積欠保險費未繳，什麼情況下會被勞保局逕予退保？
勞動部勞工保險局,20. 我收到勞保局寄發的欠繳勞保費通知，要如何繳納欠費? 
勞動部勞工保險局,2.開立勞保給付專戶有什麼好處？
勞動部勞工保險局,18. 我在工會(漁會)加保時曾欠繳保險費或滯納金，會有什麼影響？ 
勞動部勞工保險局,10. 保險費繳款單沒收到，要如何補單?
勞動部勞工保險局,21. 我已經沒有從事與工、漁會相關行業工作或已轉入其它單位加保，該如何辦理？ 
勞動部勞工保險局,8. 發現勞工保險費重覆繳納的情形時，該怎麼辦？
勞動部勞工保險局,9. 我被裁減資遣了，如果自願繼續參加勞工保險，保險費要如何繳納?逾期未繳會有什麼影響？
勞動部勞工保險局,7. 以裁減人員身分繼續加保勞保局者，按規定皆須辦理轉帳代繳勞工保險費，為何轉帳扣款後未按月收到勞保局寄發之收據?
勞動部勞工保險局,14. 積欠保險費未繳，可否辦理分期繳納?辦理分期繳納後可以恢復給付嗎？
勞動部勞工保險局,11. 保險費逾期未繳，勞保局何時會催繳、限期繳納?
勞動部勞工保險局,12. 逾期未繳保險費會有什麼影響?
勞動部勞工保險局,6. 投保單位如果有遺失繳費證明的情形，該如何補發?
勞動部勞工保險局,51. 勞動合作社與社員間無僱傭關係，則社員可否加保？
勞動部勞工保險局,5. 投保單位已辦理轉帳代繳勞工保險費，但帳戶存款不足而扣帳失敗時該怎麼辦?
勞動部勞工保險局,1. 銀行排隊繳納保險費花時間，我該透過何種方式繳費才會更便利？
勞動部勞工保險局,50. 勞動合作社是否需為僱用之社員加保？
勞動部勞工保險局,4. 投保單位依規定扣、收繳被保險人自行負擔之保險費，是否應掣發收據?
勞動部勞工保險局,3. 投保單位已辦理轉帳代繳勞工保險費，勞保局是否還會寄發繳款單及收據?
勞動部勞工保險局,45. 我沒有領過勞保給付，以前繳交的勞保費可以申請退費嗎?
勞動部勞工保險局,44. 一月份申報調整勞保投保薪資，為何該月份之保險費並無增減？又為什麼繳款單上所列的單位負擔金額比「保險費分擔金額表」上的單位負擔金額多呢？
勞動部勞工保險局,48.新進員工至公司任職未滿3個月，如公司調整其薪資，應如何辦理投保薪資調整？
勞動部勞工保險局,47.被保險人因裁減資遣繼續加保，日後重新工作並在公司參加勞保，短期內如不確定可否持續工作，原加保於勞保局之部份可否不必辦理退保？
勞動部勞工保險局,46.被保險人申請老年給付時是否要同時提出退保表？
勞動部勞工保險局,15. 滯納金怎麼計算?
勞動部勞工保險局,41. 加保當月份天數如果是31日，其保險費與30日之月份有何差異？
勞動部勞工保險局,40. 聽說勞保中斷一段期間後，原有的勞保年資就會不見，是真的嗎？我之前勞保中斷2年，可以補繳保險費用將中斷的勞保銜接回來嗎？
勞動部勞工保險局,職業工會被保險人退保是否不用至工會辦退保手續，只需停繳保費即可？
勞動部勞工保險局,38. 投保單位未依規定申報員工參加勞保，或低報員工投保薪資，或未依規定負擔員工保險費用，有無相關罰則?
勞動部勞工保險局,36. 勞保部分工時、臨時工之勞保投保薪資應如何申報？
勞動部勞工保險局,43. 我之前受傷住院，勞保費有補助嗎?
勞動部勞工保險局,39. 我已經工作20年了，為什麼我的勞保年資還沒有滿20年呢?
勞動部勞工保險局,49.如何申請預辦勞保加、退保?
勞動部勞工保險局,35. 我們公司的員工每月薪資都不固定，勞保投保薪資應如何申報調整呢? 加班費也要列入申報投保薪資嗎? 
勞動部勞工保險局,29. 被保險人之姓名、出生年月日或國民身分證統一編號等需更正時，應如何辦理更正手續？
勞動部勞工保險局,28. 已申領勞工保險老年給付，如再從事工作，可否再參加保險？
勞動部勞工保險局,27. 被保險人在傷病請假不能工作期間，可否辦理退保？
勞動部勞工保險局,34. 我在工作中受傷遭老闆解僱退保，目前還在接受治療，勞保能繼續加保嗎? 如果可以繼續加保，要負擔多少保險費？保險費又應該如何繳納呢？
勞動部勞工保險局,25. 員工到、離職當日適逢週休二日、國定例假日、紀念日、勞動節日或因天然災害(颱風、豪雨等)經行政院人事行政總處公告停班之日，應如何申報加、退保?
勞動部勞工保險局,42. 被保險人於關係企業間調動，投保單位如何使用轉保申報表申報員工加、退保？
勞動部勞工保險局,23. 員工死亡忘記申報退保，其保險效力到什麼時候停止?
勞動部勞工保險局,2. 加保於一般單位之個人，可向勞保局申請補發繳費證明嗎？
勞動部勞工保險局,31. 我被公司資遣了，目前正在請領失業給付，勞保還能繼續加保嗎?
勞動部勞工保險局,32. 聽說同一間公司加保滿25年退職可以請領老年給付，那我如果被公司資遣加保在勞保局的保險年資，可與原任職公司的保險年資視為同一個投保單位的年資嗎？保險費又應該如何繳納呢？ 如果我未來找到工作，還可以繼續加保在勞保局嗎？
勞動部勞工保險局,26. 投保單位所送加保、轉保申報表，如有疏誤者，如何補正？
勞動部勞工保險局,33. 我們公司的員工想要申請育嬰留職停薪繼續加保，請問有無資格限制呢?保險費應如何繳納呢? 被保險人育嬰留職停薪期限屆滿復職時，是否需通知勞保局呢？
勞動部勞工保險局,19. 我們公司的顧問是否應參加勞保?
勞動部勞工保險局,24. 如員工已離職，目前又另任職其他單位，勞保局會自動將其前一投保單位勞保退保嗎？
勞動部勞工保險局,17. 我們公司將派遣員工至國外分公司服務，勞保應如何處理呢?
勞動部勞工保險局,37. 負責人勞保投保薪資應如何申報？
勞動部勞工保險局,15. 建教合作班學生是否應參加勞保？
勞動部勞工保險局,12. 我今年已經超過65歲了，還可以再加勞保嗎?
勞動部勞工保險局,22. 公司聘任委任經理人是否應為其加勞保?其屬強制或自願加保對象?
勞動部勞工保險局,10. 雇主應如何為員工辦理加、退保手續?如果員工在試用期間是否仍需加保?
勞動部勞工保險局,20. 僱用外國籍員工應如何辦理加保手續呢?
勞動部勞工保險局,8. 分公司(工廠)員工需由總公司申報加保嗎?或可以由分公司(工廠)自行申報加保?
勞動部勞工保險局,13. 公司晚幫我加保，可以向勞保局申請更正嗎?
勞動部勞工保險局,6. 公司即將歇業，僅餘負責人1人處理善後，勞保可否辦理退保？
勞動部勞工保險局,7. 甲、乙兩家公司均有投保，分屬不同證號，兩家公司合併成立新公司，勞保應如何辦理？
勞動部勞工保險局,14. 公司的員工如果已經在其他公司(或職業工會)加保或本身已有農保，是否還要幫他加保呢?
勞動部勞工保險局,3. 我們公司目前沒有僱用員工，該如何辦理勞保加保?
勞動部勞工保險局,16. 我在大陸(海外)的公司上班，要如何參加勞保呢?
勞動部勞工保險局,11. 我目前沒有工作，可以去職業工會加保嗎?
勞動部勞工保險局,5. 原來在領取遺屬年金的人，因為條件不符停發，後來如果又再符合其他請領條件時，需要重新提出申請嗎？ 
勞動部勞工保險局,4. 遺屬年金給付可以領到多少錢？如果符合請領條件的當序遺屬超過1個人，領的錢有比較多嗎？會怎麼發放給每個人？
勞動部勞工保險局,3. 如果父母都是國保被保險人，則父母死亡時，子女可以分別申請父親和母親的遺屬年金嗎？ 
勞動部勞工保險局,2. 遺屬如果是未成年子女或受監護宣告的人，要怎麼請領遺屬年金？ 
勞動部勞工保險局,1. 遺屬年金給付要怎麼申請？申請後可以從什麼時候開始領？領到什麼時候？ 
勞動部勞工保險局,18. 未支領薪資之實習生是否應參加勞保?
勞動部勞工保險局,1. 公司剛成立，要如何辦理投保手續呢?
勞動部勞工保險局,"14. 我兒子是國保被保險人，109年4月車禍往生且沒有配偶及子女。我目前60歲，每個月工作收入是20,000元，是否符合國保遺屬年金給付請領條件？"
勞動部勞工保險局,4. 公司的資料如果有變更，應如何辦理變更手續呢?
勞動部勞工保險局,2. 申辦「公司及商業設立一站式線上申請作業」的勞(就、職)保或(就、職)保相關作業方式為何？ 
勞動部勞工保險局,10. 國民年金被保險人如果是因他殺而死亡的，遺屬仍然可以請領遺屬年金嗎？
勞動部勞工保險局,11. 為什麼要將遺屬年金給付請領者的工作收入條件修改為未超過基本工資？
勞動部勞工保險局,12. 修法後，如果將來基本工資有調整，則國保遺屬年金給付請領條件之工作收入上限會跟著調整嗎？
勞動部勞工保險局,8. 如果前面順位的遺屬不符合遺屬年金的請領條件或者主動放棄請領，是否可以由後面順位的遺屬請領？如果已經拋棄繼承，還可以請領遺屬年金嗎？
勞動部勞工保險局,7. 如果當序遺屬是「兄弟、姊妹」，要符合什麼條件才能請領遺屬年金？而在什麼樣的情況下，遺屬年金會停發？
勞動部勞工保險局,15. 修法前因為工作收入超過國保月投保金額（但未超過基本工資），不符合遺屬年金給付請領條件而被停發的案件，修法後（109年6月）已符合請領條件，勞保局會主動自109年6月補發嗎？
勞動部勞工保險局,5. 養子女也可以請領遺屬年金嗎？ 
勞動部勞工保險局,9. 原本已經在領遺屬年金的遺屬死亡後，是否可以由後面順位的遺屬遞補，繼續請領遺屬年金？
勞動部勞工保險局,3. 假設國民年金被保險人死亡時，配偶還沒有達到可以請領遺屬年金的年齡條件，是否就完全喪失請領資格？ 
勞動部勞工保險局,6. 如果當序遺屬是「父母」或「祖父母」，要符合什麼條件才能請領遺屬年金？而在什麼樣的情況下，遺屬年金會停發？ 
勞動部勞工保險局,1. 要符合什麼條件才能請領國民年金的遺屬年金給付？是由誰請領？可以由被保險人自己指定受益人嗎？
勞動部勞工保險局,15. 我收到勞保局通知必須要前往醫院辦理複查評估工作能力，要如何辦理複檢手續？複檢時需要帶哪些資料？費用是自己出嗎？辦理複檢工作能力後，可以繼續領年金嗎？
勞動部勞工保險局,2. 如果當序遺屬是「配偶」，要符合什麼條件才能請領遺屬年金？而在什麼樣的情況下，遺屬年金會停發？ 
勞動部勞工保險局,13. 國民年金基本保證年金每月都按時匯入存簿，是否會有延遲入帳情形？（與不動產增加或收入是否有關）
勞動部勞工保險局,12. 重度以上身心障礙的人，如果受監護宣告，要怎麼請領身心障礙(基本保證)年金？給付款項是匯入監護人帳戶嗎？ 
勞動部勞工保險局,13. 我的薪資剛好等於基本工資，是否符合遺屬年金給付工作收入條件？
勞動部勞工保險局,10. 我要申請身心障礙基本保證年金，但是我有「個人所有的土地及房屋價值合計達500萬元以上，但符合扣除規定」的情況，那要另外檢具哪些書件？
勞動部勞工保險局,4. 如果當序遺屬是「子女」，要符合什麼條件才能請領遺屬年金？而在什麼樣的情況下，遺屬年金會停發？
勞動部勞工保險局,8. 我有欠繳國民年金保險費，可以領身心障礙(基本保證)年金給付嗎？會不會影響給付金額？
勞動部勞工保險局,9. 負責人領取老年給付後，是否要更換負責人？
勞動部勞工保險局,7. 身心障礙年金的給付金額是按照「月投保金額×保險年資×1.3 ％」計算後發給，請問保險年資怎麼算？如果我另外有勞保或農保年資，可以合併計算嗎？
勞動部勞工保險局,5. 我們公司已經停業(歇業)，老闆新成立了一家公司，員工的勞保要如何處理呢?
勞動部勞工保險局,14. 我最近收到勞保局通知，因為5年屆滿要複檢查核工作能力，我目前仍領有重度以上身心障礙手冊(或證明)，為什麼需要複檢查核工作能力？
勞動部勞工保險局,9. 勞保局怎麼知道我有沒有在領社會福利津貼(低收入老人生活津貼、中低收入老人生活津貼、身心障礙者生活補助、老年農民福利津貼 或榮民就養給付）？
勞動部勞工保險局,6. 申請身心障礙(基本保證)年金給付，如果符合條件，每個月可以領多少錢？
勞動部勞工保險局,21. 雇主是不是一定要在自己的公司加保?
勞動部勞工保險局,2. 無工作能力的評估是到任何一家醫院或診所都可以辦理嗎？如果醫院在完成評估後，不願意幫忙寄「工作能力綜合評量表」，我要怎麼處理？
勞動部勞工保險局,3. 要辦理評估工作能力，有規定一定要回去當初辦理身心障礙證明鑑定的醫院嗎？可以就近在住家附近的身心障礙鑑定醫院辦理無工作能力的評估嗎？如果我都沒有在那一家醫院就診，醫師無法幫我進行評估，我要怎麼處理？
勞動部勞工保險局,12. 我在領取老年年金給付(或老年基本保證年金)期間鑑定領有重度以上身心障礙手冊或證明，是否可以改領身心障礙(基本保證)年金給付？
勞動部勞工保險局,1. 身心障礙(基本保證)年金給付要怎麼申請？申請後可以從什麼時候開始發給？何時可以領到錢？領到什麼時候？
勞動部勞工保險局,10. 我領有重度以上身心障礙證明，但是目前參加勞保中，是否可以請領身心障礙(基本保證)年金給付？ 
勞動部勞工保險局,14. 我有國保年資，也有勞保年資，如果發生重度以上身心障礙事故，可以同時請領國保身心障礙年金給付和勞保失能給付嗎？
勞動部勞工保險局,5. 我在領取身心障礙(基本保證)年金給付期間，因為身心障礙證明到期，辦理重新鑑定身心障礙程度後，身心障礙類別及等級符合內政部公告視為無工作能力的障礙類別及等級，那之後在領取年金期間，還需要再辦理評估工作能力嗎？
勞動部勞工保險局,8. 我的身心障礙證明上沒有列出各障礙類別編碼(ICF編碼)的程度，要怎麼判斷是不是需要評估工作能力？如果我的障礙類別是要再符合「活動參與與環境因素」總分數大於90分的標準，要如何知道分數是多少？
勞動部勞工保險局,6. 在101年7月11日身心障礙鑑定新制(ICF)實施後，鑑定符合身心障礙而領有(極)重度身心障礙證明的人，是否需要評估工作能力？
勞動部勞工保險局,11. 我有重大傷病卡，但是沒有身心障礙證明，可以請領身心障礙(基本保證)年金給付嗎？
勞動部勞工保險局,9. 我領有重度以上身心障礙證明，但是還有工作能力，是否可以請領身心障礙(基本保證)年金給付？ 
勞動部勞工保險局,3. 國民年金法規定必須是「重度以上身心障礙」，並且經評估「無工作能力」的人才能請領身心障礙(基本保證)年金給付。請問「重度以上身心障礙」要怎麼認定？領有中度或輕度身心障礙證明的人，是否符合規定？又「無工作能力」要怎麼評估？
勞動部勞工保險局,2. 請領身心障礙基本保證年金要符合「請領給付的前3年內，每年居住在國內超過183日」的規定，請問「前3年」怎麼認定？要從哪一天開始算起？ 
勞動部勞工保險局,7. 以下領有(極)重度身心障礙證明者，是否符合視為無工作能力的身心障礙類別及等級？
勞動部勞工保險局,6. 我有原住民身分，而且是軍公教退休人員，可以領取原住民給付嗎？ 
勞動部勞工保險局,1. 國民年金針對身心障礙者有發放「身心障礙年金給付」和「身心障礙基本保證年金」兩種給付，請問這兩種給付的請領資格有什麼差別？
勞動部勞工保險局,5. 我的身心障礙手冊上僅列出「重器障(重要器官失去功能)」、「肢障」、「多障」，而沒有載明發生障礙的器官，肢障種類或個別障礙明細，我要怎麼判斷是不是需要評估工作能力？
勞動部勞工保險局,3. 我在101年12月起每個月都有領到原住民給付，但是這幾年政府逐年調整土地公告現值，即使我都沒有新增土地或房屋，未來還是可能因為土地公告現值調高造成我名下的土地及房屋財產價值達新臺幣500萬元以上，這樣我是不是就會喪失原住民給付的請領資格？
勞動部勞工保險局,"16. 原本在請領國保遺屬年金給付，109年2月起因為工作收入超過國保月投保金額（但未超過基本工資），不符合遺屬年金給付請領條件而停發。修法後若重新提出申請，可以追溯自109年2月起補發遺屬年金給付嗎？
"
勞動部勞工保險局,4. 原住民給付只能領到年滿65歲的前一個月，那我65歲以後還有什麼給付可以領？要怎麼申請？
勞動部勞工保險局,6. 我在101年12月起每個月都有領到老年基本保證年金，但是這幾年政府逐年調整土地公告現值，即使我都沒有新增土地或房屋，未來還是可能因為土地公告現值調高造成我名下的土地及房屋財產價值達新臺幣500萬元以上，這樣我是不是就會喪失老年基本保證年金的請領資格？
勞動部勞工保險局,2. 原住民給付每個月可以領多少錢？領到什麼時候？不曾參加國民年金保險的人，也可以領原住民給付嗎？
勞動部勞工保險局,5. 我有原住民身分，目前在參加勞保中，可以領取原住民給付嗎？ 
勞動部勞工保險局,13. 我目前在參加國保中，並且正在領取身心障礙基本保證年金，如果現在又發生其他部位的重度身心障礙事故，是否可以再請領身心障礙年金給付？ 
勞動部勞工保險局,2. 請領老年基本保證年金要符合「最近3年內每年居住國內超過183日」的規定，請問「最近3年」怎麼認定？要從哪一天開始算起？ 
勞動部勞工保險局,1. 什麼是「原住民給付」？要符合什麼條件才能申請？怎麼申請？
勞動部勞工保險局,12. 已經在領老年年金給付的人，如果之後發生重度以上身心障礙事故並且經評估無工作能力，可以選擇改領身心障礙年金給付嗎？
勞動部勞工保險局,11. 已經在領身心障礙年金給付的人，年滿65歲的時候，可以改領老年年金給付嗎？如果可以，到時候計算老年年金給付的年資是不是和原本計算身心障礙年金給付的年資相同？
勞動部勞工保險局,10. 我不曾領過公保養老給付和軍保退伍給付，並且在98年1月1日以後領了勞保老年給付。請問如果我曾參加國民年金，國保的老年年金給付可以用A式計算嗎？會不會受到領取勞保老年給付的年資或金額影響？
勞動部勞工保險局,9. 我不曾領過公保養老給付和軍保退伍給付，而且在97年12月31日以前已經領了勞保老年給付。請問如果我曾參加國民年金，國保的老年年金給付可以用A式計算嗎？會不會受到領取勞保老年給付的年資或金額影響？
勞動部勞工保險局,"8. 我有領過軍保退伍給付(或公保養老給付)，必須按月累計3,000元，達原領取的軍保退伍給付(或公保養老給付)金額以後，國保的老年年金給付才會按A式計給。請問我要什麼時候才可以達到累計金額？從哪個月開始才可以按A式計給？
"
勞動部勞工保險局,3. 聽說國民年金在100年7月修法放寬老年基本保證年金的請領條件，請問放寬的是哪些部分？ 
勞動部勞工保險局,7. 我有領過軍保退伍給付(或公保養老給付)，曾經參加過國民年金，請問我請領老年年金給付時可以用A式計算嗎？
勞動部勞工保險局,5. 我曾經欠繳國民年金保險費，可以領老年年金嗎？會不會影響給付金額？
勞動部勞工保險局,4. 在什麼樣的情況下，老年年金不能選擇以A式計給(擇優計給)？
勞動部勞工保險局,3. 老年年金給付每個月可以領到多少錢？怎麼計算？可以領多久？
勞動部勞工保險局,2. 我在今年8月25日年滿65歲，但是勞保局要等到9月底才會寄發7~8月份的國民年金保險費繳款單，請問我要等到收到繳款單繳清保費後，才能申請老年年金給付，還是可以先提出申請？
勞動部勞工保險局,1. 要符合什麼條件才能請領老年基本保證年金？要怎麼申請?
勞動部勞工保險局,7. 我101年度個人綜合所得合計達50萬元以上是因為中了樂透彩，也不符合請領規定嗎？
勞動部勞工保險局,6. 我是由兒子申報扶養，101年度全戶所得雖然達50萬元以上，但是我個人並沒有所得，這樣也不符合請領規定嗎？我要怎麼向勞保局提出申復？
勞動部勞工保險局,11. 我在101年12月起每個月都有領到身心障礙基本保證年金，但是這幾年政府逐年調整土地公告現值，即使我都沒有新增土地或房屋，未來還是可能因為土地公告現值調高造成我名下的土地及房屋財產價值合計達新臺幣500萬元以上，這樣我是不是就會喪失身心障礙基本保證年金的請領資格？
勞動部勞工保險局,4. 我102年度的個人綜合所得不到50萬元，為什麼勞保局會通知我103年度的老年基本保證年金(或原住民給付、身心障礙基本保證年金)不符合請領規定？我要等到什麼時候才會再次符合請領規定？需要重新提出申請嗎？
勞動部勞工保險局,1. 要符合什麼條件才能請領國民年金的老年年金給付？要怎麼申請？我以前參加過國保，但是後來因為再工作參加勞保， 所以國保就退保了，這樣65歲時也可以申請國保的老年年金給付嗎？
勞動部勞工保險局,"5. 我有領過公保養老給付(或軍保退伍給付)，但領的金額很少，按照國民年金100年7月修法後的規定每月以3,000元按月累計，早就已經累計到所領的金額。雖然我有辦理政府優惠存款，但是一個月才領1,000多元，這樣也不符合老年基本保證年金的請領資格嗎？"
勞動部勞工保險局,"4. 我以前曾經領過一次退休金和公保養老給付(或軍保退伍給付)，但沒有辦理政府優惠存款，依照100年7月國民年金法修法後的規定，只要自年滿65歲開始每個月以3,000元累計，累計原領取過的「公保養老給付＋軍保退伍給付」總金額，就可以請領老年基本保證年金。請問我要怎麼知道自己什麼時候達到累計金額，可以領取老年基本保證年金？"
勞動部勞工保險局,8. 國民年金法規定未產生經濟效益的原住民保留地可以扣除價值，請問「未產生經濟效益的原住民保留地」要如何認定？可以在哪裡取得證明文件？如果符合扣除規定，要怎麼向勞保局申請(申復)扣除？
勞動部勞工保險局,7. 以下各種公共設施用地，是不是屬於公共設施保留地？可以扣除土地價值嗎？
勞動部勞工保險局,3. 國民年金法規定「個人綜合所得合計達50萬元以上」的人，不能請領老年基本保證年金、原住民給付、身心障礙基本保證年金。請問我的銀行帳戶裡有達50萬元以上的存款，會影響領取老年基本保證年金、原住民給付、身心障礙基本保證年金的資格嗎？
勞動部勞工保險局,5. 我申請的土地使用分區證明書上有載明是「公共設施用地」，請問就是「公共設施保留地」嗎？
勞動部勞工保險局,4. 國民年金法規定土地的部分或全部被依法編為公共設施保留地，但因政府財務或其他不可歸責於地主的因素而尚未徵收及補償者，可以扣除。請問「公共設施保留地」要怎麼認定？可以在哪裡取得證明？如果確實屬於公共設施保留地，要怎麼向勞保局申請(申復)扣除？
勞動部勞工保險局,5. (承上題)但是我101年度的個人綜合所得也不到50萬元，為什麼不符合請領規定？我要怎麼向勞保局提出申復？
勞動部勞工保險局,4. 因為具有多重障礙而領有(極)重度身心障礙證明的人，是否需要評估工作能力？
勞動部勞工保險局,"1. 國民年金法規定「經政府全額補助收容安置」的人不能請領老年基本保證年金、原住民給付、身心障礙基本保證年金。請問我目前住在安養院，政府有補助安養費用，這樣可以繼續領取老年基本保證年金(或原住民給付、身心障礙基本保證年金)嗎？
"
勞動部勞工保險局,2. 我所有的房屋因為年代久遠，沒有辦理保存登記，無法確定房屋座落的地號，要怎麼辦？
勞動部勞工保險局,6. 我已經申請減領，可不可以撤銷或變更金額？ 
勞動部勞工保險局,4. 如何辦理減領給付？ 
勞動部勞工保險局,6. 勞保局怎麼知道我有沒有在領社會福利津貼(低收入老人生活津貼、中低收入老人生活津貼、身心障礙者生活補助、老年農民福利津貼或榮民就養給付）？我要主動通知勞保局嗎？
勞動部勞工保險局,2. 申請減領給付有沒有什麼限制？被扣減的金額可不可以事後要求補發？提出申請後可以撤銷或變更扣減金額嗎？
勞動部勞工保險局,6. 土地使用分區證明書上載有「農業區」、「保護區」、「工業區」、「住宅區」的土地，是不是屬於公共設施保留地？
勞動部勞工保險局,2. 我先生是軍公教退休人員，已經往生了，我目前每個月有領他的月退休金「半俸」，還可以領取老年基本保證年金(或原住民給付)嗎？
勞動部勞工保險局,5. 申請後，從何時開始減領？ 
勞動部勞工保險局,4. 我已經在領取身心障礙(基本保證)年金給付，之後如果身心障礙證明到期，需要重新鑑定身心障礙程度嗎？還要檢附無工作能力證明嗎？
勞動部勞工保險局,1. 我有欠繳國民年金保險費，可以請領國民年金的給付嗎？給付金額會不會受到影響？會因為欠費期間的長短而有不同嗎？
勞動部勞工保險局,1. 為什麼國民年金會有「減領給付」的規定？什麼時候會用到？是每一種年金都可以申請減領嗎？要怎麼申請？申請後會從什麼時候開始扣減？
勞動部勞工保險局,2. 我在國內沒有戶籍，可以請領國民年金的給付嗎？要怎麼申請？如果是已經開始領取年金以後才除戶籍的人，還可以繼續領年金嗎？
勞動部勞工保險局,5. 領取國民年金各項給付，需要申報個人綜合所得稅嗎？
勞動部勞工保險局,7. 國民年金的年金給付申請人沒有個人帳戶可以提供或因債務問題入帳可能遭扣押，該怎麼申請國民年金專戶？
勞動部勞工保險局,4. 是不是一旦開始領取年金，以後每個月的給付金額就固定不變？
勞動部勞工保險局,3. 如果我申請給付時檢附的文件是外文的，可以使用嗎？
勞動部勞工保險局,1. 如果我符合國民年金給付請領條件，需要自己提出申請嗎？還是勞保局會主動發給我？如果要提出申請，該怎麼辦理？有沒有限制要在多久期限內提出？
勞動部勞工保險局,7. 我同時符合國民年金保險二種以上的年金給付條件，是否都可以請領？
勞動部勞工保險局,3. 以下情況是否符合「個人所有的土地及房屋價值未達500萬元」的規定？
勞動部勞工保險局,2. 我提出給付申請後要多久才會領到錢？勞保局要怎樣把給付發給我？如果我比較晚才提出申請，勞保局會不會把提出申請之前月份的給付一起補發給我？
勞動部勞工保險局,3. 給付申請人如果是重度身心障礙者，無法到銀行或郵局開戶，要怎麼辦？
勞動部勞工保險局,3. 國民年金有「老年年金給付」、「老年基本保證年金給付」及「原住民給付」三種針對老年人的給付項目。這三種給付有什麼差別？可以同時領嗎？
勞動部勞工保險局,2. 國民年金提供老年人什麼保障？從什麼時候開始領？可以領多久？ 
勞動部勞工保險局,1.國民年金保險提供哪些給付保障？要有怎樣的資格才可以請領？有沒有規定要參加國民年金保險幾年以上才能請領？
勞動部勞工保險局,5. 如果在國民年金加保期間（65歲前）死亡，家屬有什麼給付可以領？如果是在領取國民年金給付期間死亡，家屬也有給付可以領嗎？
勞動部勞工保險局,6.為什麼這個月的年金還沒有入帳？前幾個月28號以前就入帳了，入帳日好像每個月都不一樣？
勞動部勞工保險局,3. 被保險人或受益人申請減領保險給付，有無特別規定？ 
勞動部勞工保險局,19. 目前工作中並已加入勞保，為何還收到國保保費繳款單？ 
勞動部勞工保險局,1. 國民年金法規定個人所有的土地及房屋價值合計達500萬元以上，就不能請領老年基本保證年金、原住民給付及身心障礙基本保證年金，但如果是屬於「個人所有的唯一房屋且實際居住」者，可以扣除400萬元。請問我要怎麼知道我的土地及房屋價值是多少？是看地價稅和房屋稅單上的金額嗎？「實際居住」是以設籍地址認定嗎？如果符合扣除規定，是一律扣除400萬元嗎？ 要怎麼向勞保局申請(申復)扣除？
勞動部勞工保險局,16. 每年度的利率都不一樣，如果跨年度才繳納保險費，利息要如何計算？
勞動部勞工保險局,4. 國民年金有提供身心障礙方面的給付保障嗎？如果有，要符合什麼條件才能領？可以領多久？
勞動部勞工保險局,2. 我有時候參加勞保，有時候參加國保，國保年資要如何計算？ 我可以把兩種年資加在一起累計嗎？
勞動部勞工保險局,13. 我不想參加國民年金保險，可以不要繳費嗎？
勞動部勞工保險局,14. 我聽說如果我不繳納保費，會處罰我的配偶，這是真的嗎？
勞動部勞工保險局,12. 我目前的經濟狀況沒有能力繳納保險費怎麼辦？
勞動部勞工保險局,11. 報稅時，如何取得國民年金年度繳費證明？
勞動部勞工保險局,9. 我可以預先繳納保險費嗎？要怎麼辦理？ 
勞動部勞工保險局,4. 符合國民年金給付請領資格，但是入獄服刑、因案羈押或被拘禁的人，可以申請國民年金的給付嗎？如果是在領取年金期間入獄服刑、因案羈押或被拘禁，可以繼續領取年金嗎？
勞動部勞工保險局,10.我繳納的國民年金保險費，是否可以在申報年度個人綜合所得稅時列舉扣除？如果可以，要在申報哪一年的綜合所得稅時扣除？
勞動部勞工保險局,15. 已經逾期的保險費要如何繳納？會不會有滯納金或利息？如果有，是如何計算？勞保局會主動通知我繳納嗎？
勞動部勞工保險局,8.我想要用行動繳款單繳納國民年金保險費，該怎麼使用呢？
勞動部勞工保險局,6. 曾經參加國民年金保險的人，在年滿 65 歲後尚未請領老年年金給付就已經死亡，可以由法定繼承人代為請領老年年金給付嗎？ 還是有其他給付可以領？
勞動部勞工保險局,4. 我辦好轉帳代繳後，會從什麼時候開始扣款？之前的欠費也會直接從帳戶裡扣嗎？
勞動部勞工保險局,3. 我想要用轉帳代繳的方式繳納國民年金保險費，請問是到任何一家金融機構都可以辦理嗎？需要攜帶什麼文件？是不是一定要有繳款單才可以辦？
勞動部勞工保險局,2. 如果繳款單寄發時我剛好出國，要如何繳納保險費？ 
勞動部勞工保險局,1. 國民年金保險費的繳納方式有哪幾種？ 
勞動部勞工保險局,4. 勞保局有提供國民年金保險費繳款單的電子帳單服務嗎？要怎麼申請？一定要用本人的信箱帳號嗎？申請後如果想要停用該怎麼辦理？
勞動部勞工保險局,5. 我想要變更電子郵件信箱帳號，要如何辦理？
勞動部勞工保險局,2. 我不住在戶籍地址(或戶籍地址不方便收件)，要如何辦理通訊地址變更？ 
勞動部勞工保險局,1. 國民年金保險費繳款單什麼時候寄發？會寄到什麼地方？繳納期限為何？ 如果沒收到繳款單(或繳款單遺失)，要怎麼申請補發？
勞動部勞工保險局,5. 我對所得未達一定標準的審查結果不服，要向誰反映？
勞動部勞工保險局,17. 我已經在領原住民給付，為什麼還需要繳納國民年金保險費？
勞動部勞工保險局,7. 要怎麼使用網路銀行繳納國民年金保險費？是每一家金融機構的網路銀行都可以繳納嗎？
勞動部勞工保險局,18. 勞保僅中斷幾天，為何會收到國保繳款單？能否不繳納？
勞動部勞工保險局,1. 國民年金法裡所說符合「所得未達一定標準」，保費可以少付一點，它的補助標準怎麼計算？
勞動部勞工保險局,16. 我有中低收入戶資格，同時具有所得未達一定標準（或身心障礙）保險費補助身分，修法後的國保保費如何補助？
勞動部勞工保險局,6. 要怎麼使用網路ATM繳納國民年金保險費？是每一家金融機構的網路ATM都可以繳納嗎？我是不是拿任何一張晶片金融卡都可以登入扣款？ 
勞動部勞工保險局,14. 中低收入戶的資格認定要去哪裡申請？
勞動部勞工保險局,3. 繳款單收件人沒住這裡了，應該如何處理？ 
勞動部勞工保險局,12.（收到109年5月底寄發之109年3、4月保險費繳款單）我有中低收入戶資格，為何沒有補助保險費？
勞動部勞工保險局,11. 本次修正條文從什麼時候開始適用？
勞動部勞工保險局,13. 我有中低收入戶資格，勞保局在109年7月底寄發109年5、6月的保險費繳款單時，是不是就會按中低收入戶的補助身分計收保險費？
勞動部勞工保險局,9. 我是35年7月15日出生，100年7月份就已經滿65歲了，為什麼還要繳納7月份的國民年金保險費？
勞動部勞工保險局,15. 我目前已有中低收入戶資格，未來是否每年都要提出申請？
勞動部勞工保險局,1. 國民年金的保險年資怎麼計算？未滿1年的部分要怎麼辦？如果國保退保，那以前繳納保險費累計的年資還在嗎？有沒有規定國保中斷多久，年資就會被取消？
勞動部勞工保險局,8. 國民年金保險費要繳多久，才可以領老年年金？
勞動部勞工保險局,2. 我想申請國民年金所得未達一定標準的保險費補助資格，要到哪裡辦理？可以委託別人代為申請嗎？申請過後要怎麼知道是否符合補助資格？
勞動部勞工保險局,7. 國保保費按日計算的規定正式施行以後，之前按月計算的保費是否也會跟著修改？
勞動部勞工保險局,5. 我是用轉帳代繳的方式扣繳保險費，勞保局會發給我繳費收據嗎？
勞動部勞工保險局,5. 我在100年6月份勞保只有中斷幾天，為什麼要繳納整個月的國保保費？我已經有繳納勞保保費，現在又要繳國保保費，不是重複繳費嗎？
勞動部勞工保險局,2. 國民年金保險的保險費率是多少？
勞動部勞工保險局,6. 聽說國民年金保險費已經修法改成按日計算，為什麼我在100年 7月份勞保只中斷幾天，但還是收到繳款單計收 7月份整個月的國保保費？
勞動部勞工保險局,3. 國民年金被保險人每月應繳納的保險費如何計算？會因為年齡或性別而有不同嗎？我的家庭所得較低，可以申請保費補助嗎？
勞動部勞工保險局,2. 國民年金的保險效力從什麼時候開始？到什麼時候結束？ 
勞動部勞工保險局,5. 漁民已經參加漁保，是否還需要參加國民年金保險？ 
勞動部勞工保險局,4. 學生是否需要參加國民年金保險？ 
勞動部勞工保險局,4. 我經過審查符合所得未達一定標準的補助資格，但是後來戶籍有遷移，需要重新提出申請嗎？
勞動部勞工保險局,1. 我目前沒有在工作，符合國民年金加保資格，是否需要主動向勞保局申報加保？如果我之後再就業並參加勞保，需要再向勞保局申報退出國民年金保險嗎？
勞動部勞工保險局,2. 領有身心障礙手冊，是否可以參加國民年金保險？ 
勞動部勞工保險局,1. 國民年金保險的月投保金額是多少？可以自願調高嗎？
勞動部勞工保險局,2. 參加農保比較好還是參加國保比較好？ 
勞動部勞工保險局,6. 失業者是否也要參加國民年金保險？ 
勞動部勞工保險局,4. 我有低收入戶資格，也領有身心障礙證明，保險費要怎麼補助？
勞動部勞工保險局,3. 我經過審查符合所得未達一定標準的補助資格，未來是不是每年都要重新提出申請？如果我之後因為參加勞保造成國保中斷，再加入國保時要重新提出申請嗎？
勞動部勞工保險局,1. 我現在有參加農保，是否還可以參加國民年金保險？如果不可以，那我可以退出農保，改參加國民年金保險嗎？ 原本的農保年資會併入國保年資計算嗎？
勞動部勞工保險局,13. 領過軍公教人員的退休俸或正在領月退休金的退休人員，或者是領取軍公教人員半俸的配偶，是否可以參加國民年金保險？
勞動部勞工保險局,1. 外籍配偶或大陸配偶是否可以參加國民年金保險？ 
勞動部勞工保險局,14. 服務機關從公營轉民營時，已領取公保補償金者，可否參加國民年金保險？
勞動部勞工保險局,10. 我110年1月20日入營服替代役，將於110年2月10日滿25歲，國民年金保險費會如何補助？
勞動部勞工保險局,3. 公司負責人是否可以參加國民年金保險？
勞動部勞工保險局,10. 國民年金法第12條及第40條修正重點為何？
勞動部勞工保險局,5. 聽說替代役役男服役期間的國民年金保險費將由內政部役政署支付？是從何時開始適用？
勞動部勞工保險局,12. 已經領取「軍保退伍給付」或「公教保養老給付」的人，是否可以參加國民年金保險？ 
勞動部勞工保險局,6. 「替代役」役男國民年金保險費補助之對象為何？
勞動部勞工保險局,11. 我已年滿25歲，110年1月5日入營服替代役，國民年金保險費會如何補助？
勞動部勞工保險局,7. 替代役役男國民年金保險費補助要去哪裡申請？
勞動部勞工保險局,4. 我現在在服研發替代役，是否需要參加國民年金保險？
勞動部勞工保險局,9. （收到110年1月底寄發之109年11、12月保險費繳款單）我110年開始就有替代役役男身分，為何沒有補助國民年金保險費？
勞動部勞工保險局,11. 服務機關從公營轉民營時，已領取勞保補償金者，可否參加國民年金保險？ 
勞動部勞工保險局,10. 我領了勞保老年給付後，是否還可以參加國民年金保險？如果可以，那我之後再受僱工作並參加勞保的職災保險，會影響我的國民年金加保資格嗎？
勞動部勞工保險局,2. 我是私立學校教職員，是否可以參加國民年金保險？ 
勞動部勞工保險局,6. 我在失業期間沒有參加勞保，是不是就要參加國民年金保險？如果我已經以裁減資遣身分繼續參加勞保，是不是就不用再參加國民年金保險？
勞動部勞工保險局,1. 我現在是軍人（公教人員），有軍保（公教保），是否可以參加國民年金保險？
勞動部勞工保險局,7. 我目前在育嬰留職停薪期間，但是勞保還繼續加保中，是否需要參加國民年金保險？
勞動部勞工保險局,8. 替代役役男國民年金保險費補助期間為何？
勞動部勞工保險局,3. 我11月10日已經到公司上班並且加入勞保，為什麼還要參加國民年金保險？ 
勞動部勞工保險局,2. 我有在工作，但公司沒有幫我加勞保，要參加國民年金保險嗎？
勞動部勞工保險局,5. 我11月15日從舊公司離職，16日就到新公司上班，但是新公司11月20日才幫我加勞保，這樣我11月份還要參加國民年金保險嗎？ 
勞動部勞工保險局,3. 我現在在服替代役，是否需要參加國民年金保險？ 
勞動部勞工保險局,4. 我長期居住在國外，還要參加國民年金保險嗎？ 
勞動部勞工保險局,8. 我因為「職業災害傷病」，所以目前沒有在工作，但是有以遭受職業災害的勞工身分繼續參加勞保中，是否需要再參加國民年金保險？
勞動部勞工保險局,2.申請年金給付（老年、身心障礙、遺屬）
勞動部勞工保險局,1.申請接續納保資格
勞動部勞工保險局,4. 我是國民年金被保險人，如果我的家屬死亡，而他不是國民年金被保險人，這樣我可以申請國保的喪葬給付嗎？ 
勞動部勞工保險局,3. 如果支出殯葬費的人不只1位，要怎麼領取喪葬給付？又如果喪葬給付已經先被其中1個人領走，那其他也有支出殯葬費的人要怎麼辦？ 
勞動部勞工保險局,3. 我現在還是學生，為什麼也要參加國民年金保險？
勞動部勞工保險局,1. 哪些人要參加國民年金保險？如果我被勞保局納保，可以申請放棄加保嗎？又如果我沒被勞保局納保，可以申請自願加保嗎？
勞動部勞工保險局,1. 我有在工作而且也有參加勞保，要參加國民年金保險嗎？ 
勞動部勞工保險局,10.透過戶政事務所通報申請國保生育給付（一站式便民服務）相關Q&A
勞動部勞工保險局,9.生育前參加國保，生育時為勞保被保險人，但勞保年資未滿280天，不符合請領生育給付之條件，試問可否申請國保生育給付？
勞動部勞工保險局,1. 要符合什麼條件才能請領國民年金的喪葬給付？可以領到多少錢？要怎麼申請？有規定要在多久期限內提出申請嗎？
勞動部勞工保險局,4. 我在3月1日到職，剛好遇到星期日，所以公司延到3月2日星期一才幫我加勞保，這樣我3月份還要參加國民年金保險嗎？
勞動部勞工保險局,8. 我是國民年金被保險人，但我太太不是國民年金被保險人，她生產的時候，我可以請領國保的生育給付嗎？
勞動部勞工保險局,9. 我現在沒有工作，也沒參加勞保，暫時沒有打算要申請勞保老年給付，是否需要參加國民年金保險？ 
勞動部勞工保險局,4. 如果是流產、葡萄胎或子宮外孕的情況，也可以請領生育給付嗎？
勞動部勞工保險局,7. 我在參加國保期間懷孕，但是退保後才生產(或早產、死產)，這樣可以請領國保的生育給付嗎？
勞動部勞工保險局,2. 我是在國外生產(或早產、死產)的，申請書件有什麼特別規定嗎？
勞動部勞工保險局,2. 參加國民年金保險是否有排富條款？ 
勞動部勞工保險局,3.申請基本保證年金給付（老年、身心障礙）
勞動部勞工保險局,1. 要符合什麼條件才能請領國民年金的生育給付？給付金額是多少？要怎麼申請？有規定要在多久期限內提出申請嗎？
勞動部勞工保險局,1. 什麼是國民年金？是從什麼時候開辦的？參加國民年金有甚麼好處？
勞動部勞工保險局,2. 國民年金的主管機關和辦理機關分別為何？
勞動部勞工保險局,6. (承上題)那我可以先申請其他社會保險（勞保或農保）的生育給付，過一陣子再申請國保的生育給付嗎？
勞動部勞工保險局,2. 支付殯葬費的證明文件是指什麼？ 
勞動部勞工保險局,3. 早產的定義是什麼？
勞動部勞工保險局,2.職業訓練機構被保險人之最低及最高職災保險投保薪資級距為何？
勞動部勞工保險局,11. 國保生育給付網路申辦作業相關Q&A 
勞動部勞工保險局,3.職業訓練機構未依規定為受訓學員加保職災保險或未覈實申報投保薪資，有無罰則規定？
勞動部勞工保險局,5. 我只參加國保1天就生產了，可以請領國保的生育給付嗎？如果我之前懷孕是在參加其他社會保險（勞保或農保）期間，也符合請領其他社會保險（勞保或農保）生育給付的條件，是兩邊都可以領嗎？
勞動部勞工保險局,1.職業訓練機構被保險人加保職災保險，保險效力自何時起算？
勞動部勞工保險局,4.漁會甲類會員如有僱工從事漁撈工作，還可以由漁會加保職災保險嗎？
勞動部勞工保險局,3.職業工人（漁民）另受僱於登記有案之事業單位，其職災保險應如何加保？
勞動部勞工保險局,2.工、漁會被保險人加保職災保險，加保生效日自何時起算？
勞動部勞工保險局,職業工會辦理職災保險特別加保業務
勞動部勞工保險局,7.職業工會、漁會被保險人未繳納職災保險費，會不會被罰滯納金？又滯納金的計算方式是否與勞工保險費不同？
勞動部勞工保險局,3. 對於勞保局核定國民年金案件不服時，是否有行政救濟管道？
勞動部勞工保險局,6.職業工會、漁會被保險人負擔之保險費如何計算？繳納期限為何？
勞動部勞工保險局,1.工、漁會會員如同時符合勞保條例及災保法之納保對象，工、漁會可以為其申報僅參加勞工保險或僅參加職業災害保險嗎？
勞動部勞工保險局,5.繳款單寄至何處？
勞動部勞工保險局,8.職業工會、漁會應於何時繳納代收之職災保險費？如何繳納？
勞動部勞工保險局,5.職業工會、漁會被保險人應如何申報職災保險投保薪資？
勞動部勞工保險局,申報方式及保險效力
勞動部勞工保險局,2.收到通知要辦理什麼手續？
勞動部勞工保險局,4. 如果已開立勞保給付、就業保險給付、國民年金、勞退(月退)、農退儲金及老農津貼等專戶，是否可供存入職災保險給付款項？
勞動部勞工保險局,2. 開立職災保險專戶有什麼好處？ 
勞動部勞工保險局,3. 要如何申請開立職災保險專戶？
勞動部勞工保險局,6.哪些醫療機構有辦理預防職業病健康檢查？
勞動部勞工保險局,5.至勞工特殊體格及健康檢查認可醫療機構接受健康檢查時要注意哪些事項？
勞動部勞工保險局,委託職業工會代辦職災保險業務
勞動部勞工保險局,3.家事移工每月職保保險費多少？
勞動部勞工保險局,2.如何辦理申請預防職業病健康檢查？
勞動部勞工保險局,4. 農民職災保險的保險費負擔情形是如何？
勞動部勞工保險局,1.何謂預防職業病健康檢查？
勞動部勞工保險局,1.為何會收到家事移工簡便加保通知？
勞動部勞工保險局,5. 參加農民健康保險之身心障礙者，個人應繳納之保險費金額有減免補助嗎？
勞動部勞工保險局,4. 農民健康保險被保險人的保險費應如何計算？
勞動部勞工保險局,3. 農民健康保險的保險費負擔情形是如何？
勞動部勞工保險局,2. 如果逾期未繳農保保費除了需負擔滯納金之外還會有什麼影響嗎？滯納金又是怎樣計算？
勞動部勞工保險局,1. 農民職災保險費應於何時繳納？ 
勞動部勞工保險局,1. 什麼是職災保險專戶？跟一般帳戶有何不同？
勞動部勞工保險局,身心障礙及喪葬津貼業務
勞動部勞工保險局,4.如何辦理申請預防職業病健康追蹤檢查？
勞動部勞工保險局,17. 我曾經參加勞保，現在是參加農保，在農保加保期間生小孩時，可不可以申請生育給付？
勞動部勞工保險局,16. 洗腎是不是可以申請農保身心障礙給付？是不是須要治療滿1年才可以申請？有沒有請領時效限制？
勞動部勞工保險局,15. 申請農保各項給付是不是需要委託別人辦理？若由農保代理人代為申請是不是能較快速並領到更多錢？
勞動部勞工保險局,14. 聽說勞保女性被保險人切除乳房時可請領失能給付，農保是不是也可以請領給付？
勞動部勞工保險局,13. 坊間流傳申請農保身心障礙給付可領到40幾萬元，給付標準究竟為何？
勞動部勞工保險局,12. 老王依農保條例規定，向勞保局申請農保身心障礙給付後死亡，老王的身心障礙給付應由繼承人依民法規定承領，但受領的同一順序繼承人因某些原因無法共同委任或具領時，老王的身心障礙給付要如何核發？
勞動部勞工保險局,4.何時會收到繳款單？
勞動部勞工保險局,傷病給付及就醫津貼業務
勞動部勞工保險局,10. 領了農保身心障礙給付後是否會退保？ 
勞動部勞工保險局,3.何謂預防職業病健康追蹤檢查？
勞動部勞工保險局,1. 農保保費該繳多少？該何時繳納呢？
勞動部勞工保險局,6. 農保保險給付的請求權時效為何？從可以開始請領那一天起，多久以內要提出申請？
勞動部勞工保險局,5. 我到醫院就診，但就診醫院的醫師，堅持不開身心障礙診斷書，是不是可以請勞保局協助請醫師出具？
勞動部勞工保險局,4. 我這次住院接受治療，可不可以申請醫療給付？
勞動部勞工保險局,18. 農保喪葬津貼改以簡訊通知取代書面寄送核定函Q&A
勞動部勞工保險局,7. 我參加農保，我的太太生小孩時，可不可以申請生育給付？
勞動部勞工保險局,8. 老王參加農保，不幸往生，應由誰申請喪葬津貼？如果申請人間發生糾紛不能達成協議時，該筆喪葬津貼究竟要如何核發？
勞動部勞工保險局,1. 老王罹患中風導致身體遺存障礙，是不是須要治療滿1年，才可以請領身心障礙給付?
勞動部勞工保險局,23.以具農業生產技術能力，且以區域性從事農業生產工作僅參加農民職災保險的農民，又去參加軍保、公教保、就保、勞保或其職業災害保險，還能繼續參加農民職災保險嗎如？
勞動部勞工保險局,21. 以全民健康保險第3類被保險人參加農民職災保險後，如全民健康保險第3類被保險人加保資格喪失或變更為其他類別，還能繼續參加農民職災保險嗎？
勞動部勞工保險局,20. 參加農民職災保險後，如果農保資格有問題，還能繼續參加農民職災保險嗎？
勞動部勞工保險局,19. 申請參加農民職災保險之加保效力自何時開始？
勞動部勞工保險局,18. 外籍配偶可否同時申請參加農保及農民職災保險？
勞動部勞工保險局,17. 外籍農事工可否加入農民職災保險？
勞動部勞工保險局,16. 僱用短期農工，可否為他們申報加入農民職災保險？
勞動部勞工保險局,15. 已領取勞保老年給付或公教養老給付、軍保退伍給付、國民年金保險老年年金給付的人還能參加農民職災保險嗎？
勞動部勞工保險局,14. 參加農保及農民職災保險後，又去參加勞保，還能繼續參加農保及農民職災保險嗎？
勞動部勞工保險局,13. 參加農保及農民職災保險後，又去參加公教（軍）保險，還能繼續參加農保及農民職災保險嗎？
勞動部勞工保險局,11. 農保身心障礙給付必須在生前提出申請，應如何辨別為死亡前或死亡後提出申請？
勞動部勞工保險局,11.我目前從事農業工作，也有加農保，為進一步修習其他知識還去學校上學，具有學生身分，可以申請參加農民職災保險嗎？
勞動部勞工保險局,10.目前從事農業工作同時身兼村（里）長（或鄰長），也有在加農保，可以申請參加農民職災保險嗎？
勞動部勞工保險局,9. 加入農民職災保險後，可否自願退出農民職災保險？
勞動部勞工保險局,8. 年紀已經很大，還可以申請參加農民職災保險嗎？
勞動部勞工保險局,7. 我沒有參加農保，可否自願參加農民職災保險？
勞動部勞工保險局,6. 我只想參加農保，目前不想參加農民職災保險，可以嗎？
勞動部勞工保險局,5. 我已經有參加農保了，會自動幫我納入農民職災保險嗎？
勞動部勞工保險局,4. 哪些人可以自願參加農民職災保險？
勞動部勞工保險局,3. 農民職災保險何時開始試辦？
勞動部勞工保險局,2. 農民職災保險之主管機關、保險人及投保單位？
勞動部勞工保險局,22. 以全民健康保險第3類被保險人身分僅參加農民職災保險的農民，又去參加軍保、公教保、就保、勞保或其職業災害保險，還能繼續參加農民職災保險嗎？
勞動部勞工保險局,15.農地租約之公證，該怎麼辦理?
勞動部勞工保險局,14. 102年2月1日前已參加農保且已領取相關社會保險老年給付，是否可繼續參加農保?
勞動部勞工保險局,2. 醫療院所將身心障礙診斷書逕寄勞保局，是不是已完成身心障礙給付申請？
勞動部勞工保險局,2. 被保險人未在期限內繳納農民職災保險費，會影響加保資格嗎？
勞動部勞工保險局,11. 我有加入農保，我的眷屬可以依附在我名下加保嗎?
勞動部勞工保險局,10. 我的農地和戶籍在不同縣市，可以加入農保嗎?
勞動部勞工保險局,9. 農民向農會申請參加農保，在農會尚未審查其資格前發生保險事故，可否申請保險給付？
勞動部勞工保險局,3. 被保險人有繳職災保險費但沒有繳農保保險費，可以請領職災保險給付嗎？
勞動部勞工保險局,12. 現在有勞保（公教、軍保）的人，是否可同時申請參加農保及農民職災保險？
勞動部勞工保險局,6. 我是佃農，如果我的承租契約到期地主不續約，農保資格會被取消嗎?
勞動部勞工保險局,5. 我目前參加農保，如果把戶籍遷出我的農會組織區域，會影響我的農保資格嗎?
勞動部勞工保險局,4. 我想參加農保，但我的農地是公同共有，應檢具哪些資料以認定農地面積?
勞動部勞工保險局,3. 農地面積要多大才能夠加入農保呢?
勞動部勞工保險局,7. 農保被保險人承租土地，於租約到期前死亡，其配偶不及辦理變更承租人亦相繼死亡，可否申領配偶之喪葬津貼?
勞動部勞工保險局,9. 請領身心障礙給付應準備哪些文件？
勞動部勞工保險局,1.農民職業災害保險的各項問題，可以問誰？
勞動部勞工保險局,3.參加農職保「增給傷病給付」之身心障礙被保險人，個人應繳納之保險費金額有減免補助嗎？
勞動部勞工保險局,2.被保險人參加農職保「增給傷病給付」，每月應負擔保險費20元是如何計算？
勞動部勞工保險局,13. 最近要從公司退休，如果領取勞保老年給付後，可以參加農保嗎?
勞動部勞工保險局,2.參加「增給傷害給付」者，申請農職保身心障礙給付或喪葬津貼有沒有增給？
勞動部勞工保險局,1.為什麼要試辦農民職災保險？
勞動部勞工保險局,1. 我目前參加農保，如果去公司上班，公司幫我保勞保會不會影響我的農保資格？
勞動部勞工保險局,4.參加「增給傷病給付」，就醫津貼有沒有增給？
勞動部勞工保險局,3.「增給傷病給付」的給付標準為何？與「一般傷病給付」有何不同？
勞動部勞工保險局,2.「增給傷病給付」與「一般傷病給付」請領條件是否不同？
勞動部勞工保險局,3. 請領農保身心障礙給付後被退保，老農津貼是否可繼續請領？
勞動部勞工保險局,8. 父親過世後，土地未辦理繼承，我可以拿這塊土地加保嗎? 
勞動部勞工保險局,1.參加農職保「增給傷病給付」之保險費分擔情形？
勞動部勞工保險局,12. 我想把土地過戶給別人，會影響我的農保資格嗎?
勞動部勞工保險局,2.已領取勞保老年給付（公教養老給付、軍保退伍給付、國民年金保險老年年金給付）還能以「區域從農」工作者參加農職保嗎？
勞動部勞工保險局,1.以「區域從農」參加農職保者，能不能申請農保相關給付？
勞動部勞工保險局,1.「區域從農」之被保險人申請傷病給付及就醫津貼要準備哪些文件？如何申請？
勞動部勞工保險局,1.「區域從農」的農民參加農職保，須符合哪些條件？
勞動部勞工保險局,5.傷病給付分為「一般傷病給付」與「增給傷病給付」，農民於請領傷病給付時，應如何適用？
勞動部勞工保險局,1. 農保的各項問題，可以問誰？
勞動部勞工保險局,1.行政院農業委員會(下稱農委會)110年推動農民職業災害保險(下稱農職保)精進措施，施行日期及包括哪些項目？
勞動部勞工保險局,3.農委會所推動農職保「提高傷病給付」之內涵為何？
勞動部勞工保險局,1. 農保各項給付的請求權時效為何？
勞動部勞工保險局,3. 110年農保條例修法前分娩，當時加保年資天數不足，是否可依新法申請給付？
勞動部勞工保險局,2. 110年農保條例修法，新舊法請求權時效怎麼適用？
勞動部勞工保險局,7. 續保之被保險人，還需要繳納保險費嗎？
勞動部勞工保險局,6. 加保農地被政府徵收，如何申請續保呢？
勞動部勞工保險局,4.「區域從農」的農民申請參加農職保，於農會召開審查會議時需要列席嗎？
勞動部勞工保險局,4. 如何申請「農保被保險人投保資料表」呢？
勞動部勞工保險局,3. 我曾以退伍青農身分加入農保，如果退保，還可以再申請加保嗎？
勞動部勞工保險局,2. 退伍青農申請參加農保，應準備哪些文件？如何申請？
勞動部勞工保險局,9. 被保險人於續保期間戶籍遷離原農會組織區域，是否仍得續保或該如何申請續保？
勞動部勞工保險局,3.「區域從農」的農民申請參加農職保，應準備哪些文件？如何申請？
勞動部勞工保險局,5. 農民罹患審查辦法第9條規定所列職業病時，如何申請農民職災保險各項給付？應準備哪些文件？
勞動部勞工保險局,4. 農民職業災害保險有哪些職業病種類？
勞動部勞工保險局,3. 農民罹患職業病分別有哪幾種給付項目可以申請？
勞動部勞工保險局,5. 我是農保被保險人，加保農地被政府徵收，致土地面積不足，還可以繼續參加農保嗎？
勞動部勞工保險局,1. 農民職業災害保險納入職業病自何時開始施行？
勞動部勞工保險局,4. 如何申請就業保險專戶？需要準備哪些文件？ 
勞動部勞工保險局,3. 就業保險專戶跟一般帳戶有何不同？
勞動部勞工保險局,2. 什麼人可以開立就業保險專戶？ 
勞動部勞工保險局,1. 什麼是就業保險專戶？ 
勞動部勞工保險局,11. 失業被保險人因個人因素願意自行放棄健保費補助，應如何處理？
勞動部勞工保險局,5.農民應如何申請參加農職保「增給傷害給付」？
勞動部勞工保險局,6. 農民屬審查辦法第9條各款以外疑似職業病時，如何申請農民職災保險各項給付？應準備哪些文件？
勞動部勞工保險局,8. 符合補助資格之失業被保險人及其眷屬，衛生福利部中央健康保險署於計收保費時如何免計全民健康保險費？
勞動部勞工保險局,7. 失業被保險人對於本局補助之眷屬資料與離職退保時眷屬加保資料不符時，應如何處理？
勞動部勞工保險局,6. 失業被保險人於非自願離職退保後，其眷屬是否均可獲得全民健康保險費之補助？
勞動部勞工保險局,8. 被保險人於續保期間參加其他社會保險或具農業以外專任職業，是否仍得續保或該如何申請續保？
勞動部勞工保險局,4. 全民健康保險法第6類之被保險人為何？
勞動部勞工保險局,3. 全民健康保險法第2條之「眷屬」規定為何？
勞動部勞工保險局,2. 離職退保時已年滿45歲或身心障礙者，最長可請領失業給付至9個月，全民健康保險保險費最長是否也補助9個月？
勞動部勞工保險局,10. 失業後健保依附在眷屬公司名下投保，惟有補助之月份仍被公司扣收健保費，應如何處理？
勞動部勞工保險局,2. 農民職業災害保險納入職業病，每月保險費是否增加？
勞動部勞工保險局,9. 補充健保費可以向勞工保險局申請補助嗎？
勞動部勞工保險局,1. 失業被保險人及其眷屬全民健康保險費補助辦法之補助月份為何？
勞動部勞工保險局,1. 已領取軍人保險退伍給付者(以下稱退伍青農)申請參加農保，須符合哪些條件？
勞動部勞工保險局,26. 有關育嬰留職停薪津貼和育嬰留職停薪繼續投保相關問題，該如何洽詢？
勞動部勞工保險局,23. 育嬰留職停薪津貼改為按月於「期初」發給相關Q&A
勞動部勞工保險局,21. 我想在育嬰留職停薪期滿後，接受政府後續的復職關懷協助，應該如何辦理?
勞動部勞工保險局,22. 試養未滿3歲兒童期間申請育嬰留職停薪津貼相關Q&A
勞動部勞工保險局,19. 如果在第一胎育嬰留職停薪期間又生了第二胎，是否可以繼續請領育嬰留職停薪津貼？
勞動部勞工保險局,24. 何時開始實施育嬰留職停薪津貼和育嬰留職停薪繼續加保兩表合一
勞動部勞工保險局,2.為什麼要增列「區域從農」之農民可參加農職保？
勞動部勞工保險局,16. 撫育之子女未在國內設籍，係持國外製作之出生證明書者，應如何申請？
勞動部勞工保險局,15. 同時受僱於2個投保單位，應如何辦理育嬰留職停薪津貼？投保薪資是否會合併計算？
勞動部勞工保險局,18. 負責人有實際從事工作並參加勞保滿1年以上的年資，可否申請育嬰留職停薪津貼？
勞動部勞工保險局,25. 申請書上方「育嬰留職停薪期間繼續投保」欄勾填的用處為何？
勞動部勞工保險局,12. 被保險人於辦理育嬰留職停薪期間如發生非自願離職，可否繼續請領育嬰留職停薪津貼？
勞動部勞工保險局,14. 曾領過滿失業給付，再申請育嬰留職停薪津貼，就業保險年資如何計算？
勞動部勞工保險局,2. 我的農地經過都市計畫編定為「非農業用地」，可以參加農保嗎?
勞動部勞工保險局,9. 請領育嬰留職停薪津貼期間另有工作得否繼續請領育嬰留職停薪津貼？
勞動部勞工保險局,8. 被保險人於請領育嬰留職停薪津貼期間回原任職單位工作1日或數日，可否繼續請領育嬰留職停薪津貼？
勞動部勞工保險局,20. 勞工於育嬰留職停薪期間同時擔任其他單位負責人，可否繼續請領育嬰留職停薪津貼？
勞動部勞工保險局,6. 父母同為被保險人，可否同時請領育嬰留職停薪津貼？
勞動部勞工保險局,7. 請領育嬰留職停薪津貼期間如已提前復職或離職，應否主動通知勞保局？
勞動部勞工保險局,17. 養子女、非婚生子女可否申請育嬰留職停薪津貼？
勞動部勞工保險局,4. 父母同時撫育1名子女並均已辦理育嬰留職停薪，可請領幾個月育嬰留職停薪津貼？
勞動部勞工保險局,3. 育嬰留職停薪津貼應於何時提出申請？
勞動部勞工保險局,10. 請領育嬰留職停薪津貼期間另在受訓單位上課，得否繼續請領育嬰留職停薪津貼？
勞動部勞工保險局,8. 被保險人非自願離職後，於職業工會辦理參加勞工保險，可否請領就業保險職業訓練生活津貼？
勞動部勞工保險局,11. 被保險人於請領育嬰留職停薪期間發生傷病事故，可否同時請領育嬰留職停薪津貼及勞保傷病給付？
勞動部勞工保險局,6. 請領職業訓練生活津貼期間，如從事兼職工作，可否繼續請領職業訓練生活津貼？
勞動部勞工保險局,5. 媽媽辦理育嬰留職停薪同時撫育雙胞胎，可請領幾個月育嬰留職停薪津貼？
勞動部勞工保險局,2. 我已經申請育嬰留職停薪津貼，會在何時領到津貼？
勞動部勞工保險局,5. 失業被保險人如何得知全民健康保險費補助月份及眷屬資料？
勞動部勞工保險局,13. 曾領滿6個月育嬰留職停薪津貼，是否會影響就業保險年資？
勞動部勞工保險局,4. 職業訓練生活津貼之請求權，有無時間限制？
勞動部勞工保險局,4. 網路申辦作業相關Q&A
勞動部勞工保險局,2. 何謂全日制職業訓練？
勞動部勞工保險局,5. 就業保險法修正施行後離職退保當時年滿45歲或身心障礙者失業給付延長至9個月，那麼職業訓練生活津貼同樣是延長至9個月嗎？
勞動部勞工保險局,1. 何謂「提早就業獎助津貼」？ 
勞動部勞工保險局,2. 再受僱參加就業保險滿3個月之年資如何計算？
勞動部勞工保險局,27. 育嬰留職停薪津貼線上申辦作業相關Q&A
勞動部勞工保險局,1. 育嬰留職停薪津貼的請領資格、給付標準及給付期間各如何？
勞動部勞工保險局,13. 扶養未成年之繼子女，可否申請加給失業給付或職業訓練生活津貼？
勞動部勞工保險局,7. 被保險人與原雇主間因離職事由發生勞資爭議，可否請領就業保險職業訓練生活津貼？
勞動部勞工保險局,10. 就業保險法修法施行後，哪些人可以請領最長至9個月的失業給付？
勞動部勞工保險局,12. 申請加給眷屬給付或津貼，要如何辦理？
勞動部勞工保險局,8. 領取失業給付者再就業時，有何規定？
勞動部勞工保險局,14. 受扶養眷屬於同一期間已請領失業給付、職業訓練生活津貼、育嬰留職停薪津貼，失業勞工可否再申請加給該受扶養眷屬之失業給付或職訓津貼？
勞動部勞工保險局,1. 何謂職業訓練生活津貼？
勞動部勞工保險局,5. 申請人與原雇主間因離職事由發生勞資爭議期間，是否可領失業給付？
勞動部勞工保險局,6. 被保險人退職並領取老年給付者，可否請領失業給付或職業訓練生活津貼？
勞動部勞工保險局,3. 請領失業給付期間，如果另有工作會不會影響請領資格？
勞動部勞工保險局,3. 提早就業獎助津貼之請求權，有無時間限制？
勞動部勞工保險局,1. 何謂非自願離職？
勞動部勞工保險局,2. 失業給付最長可以領多久？
勞動部勞工保險局,15. 夫妻兩人均請領失業給付，育有一子為未成年且無工作收入，已由先生申請加給扶養眷屬給付，太太可否再申請加給？
勞動部勞工保險局,6. 就業保險被保險人的月投保薪資應如何申報？保險費率及保險費負擔比例為何？
勞動部勞工保險局,9. 失業給付之請求權，有無時間限制？
勞動部勞工保險局,7. 投保單位未依規定申報員工參加就業保險，或低報員工的就業保險投保薪資，或未依規定負擔員工就業保險費，有無罰則? 
勞動部勞工保險局,3. 我們公司僱用員工未滿5人，是不是就不用幫員工加保了呢？
勞動部勞工保險局,2. 我已經有勞保了，還需要參加就業保險嗎?
勞動部勞工保險局,11. 失業勞工符合什麼條件才能加給眷屬給付或津貼？可加給多少？
勞動部勞工保險局,4. 我們公司有員工快要滿65歲了，需要幫他辦理就業保險退保手續嗎？
勞動部勞工保險局,投保單位如何繳納就業保險費？
勞動部勞工保險局,就業保險法的立法意旨為何？
勞動部勞工保險局,4. 申請人在何種情形下，無法請領失業給付？
勞動部勞工保險局,"4.我每月領薪28,000元，公司只有幫我投保25,250元，可以檢舉嗎？"
勞動部勞工保險局,3.我朋友的公司沒有幫他加保，我可以幫忙檢舉嗎？
勞動部勞工保險局,5. 我有2份工作，就業保險是不是2邊都要加保呢？
勞動部勞工保險局,1.我的公司只有僱用我1位員工，老闆說不用幫我加保，這是對的嗎？
勞動部勞工保險局,投保單位未參加勞工保險，僅參加就業保險及職災保險時，其保險費應如何繳納？
勞動部勞工保險局,提報檢舉案應注意事項及具備資料
勞動部勞工保險局,1.我想檢舉，請問有何種管道？
勞動部勞工保險局,43. 農民使用網路線上申辦老農津貼作業相關Q&A
勞動部勞工保險局,8. 我是美髮沙龍店的建教合作生，需要參加就業保險嗎?
勞動部勞工保險局,3. 職業訓練期間中途離訓或退訓者，或訓練時間逾1個月之畸零日數（未滿30日），職業訓練生活津貼如何計算？
勞動部勞工保險局,40. 於最近3年內每年居住超過183日之出國天數如何計算？
勞動部勞工保險局,41. 老農津貼申領人是否會因為被子女申報為扶養親屬而喪失其請領資格？
勞動部勞工保險局,7. 就業保險年資重行起算是否會影響勞保老年給付？
勞動部勞工保險局,39. 如果曾申請開立勞保老年年金、國民年金、農民退休儲金等專戶是否可供存入老農津貼款項？
勞動部勞工保險局,37. 我要到那裡申請開立老農津貼專戶？
勞動部勞工保險局,2.我的公司沒有幫我保勞（就、職）保，該如何申訴呢？
勞動部勞工保險局,34. 已合格領取老農津貼者，如嗣後將戶籍遷出原農會組織區域，可否繼續領取老農津貼？
勞動部勞工保險局,5.我發現我們公司多扣我勞保費，該怎麼檢舉呢？
勞動部勞工保險局,44. 漁民使用網路線上申辦老農津貼作業相關Q&A
勞動部勞工保險局,31. 修法後提出申請時因農保年資未滿15年以上而不符老農津貼申領資格，至農保年資滿15年時，是否需重新提出申請？
勞動部勞工保險局,36. 開立老農津貼專戶有什麼好處？ 
勞動部勞工保險局,29. 修法後農保年資合計6個月以上未滿15年可領半額津貼之條件？
勞動部勞工保險局,33. 農民請領老農津貼之農保加保年資從6個月延長到15年者，之後來申請老農津貼是否還需要排富?
勞動部勞工保險局,32. 農民請領老農津貼之農保加保年資從6個月延長到15年，已領取過社會保險老年給付者，當農保加保年資年滿15年時，是否也可領取老農津貼？
勞動部勞工保險局,26. 有 1 間農舍及另 1 間價值600 萬元唯一自住的房屋，是否將被排富？
勞動部勞工保險局,38. 我的帳戶因為債務糾紛被法院裁定列為扣押戶，該如何申請老農津貼專戶讓老農津貼不被扣押？
勞動部勞工保險局,24. 原已合格領取老農津貼者，因排富因素停止發給，如果後來被排富的不合格原因已消失，是否需重新提出申請？ 
勞動部勞工保險局,23. 提出申請時因土地房屋的價值合計達500萬元而不符老農津貼申領資格，如果經過異動後已未達500萬元，是否需重新提出申請？
勞動部勞工保險局,22. 接到勞工保險局核定不合格之通知後，如有符合「農業用地」、「農舍」或「無農舍且實際居住之唯一房屋」之認定標準得予扣除其價值者，應檢附哪些資料送勞工保險局審核？
勞動部勞工保險局,21. 所得及土地房屋價值之查詢管道？
勞動部勞工保險局,20. 共同持有之土地房屋應如何計算其價值？
勞動部勞工保險局,28. 老農津貼暫行條例103年6月27日修正之第3條規定的適用對象？
勞動部勞工保險局,27. 沒有農舍，只有自住房屋一棟500萬元，另有建地一筆公告現值300萬元，是否將被排富？
勞動部勞工保險局,19. 何謂「農舍」？
勞動部勞工保險局,16. 老農津貼排富規定實施時間及適用對象？
勞動部勞工保險局,15. 老農津貼發放金額，未來每4年將如何調整？
勞動部勞工保險局,14. 老農津貼自何時開始發放？此期間發放金額調整之時點為何？
勞動部勞工保險局,35. 什麼是老農津貼專戶？跟一般帳戶有何不同？
勞動部勞工保險局,1. 哪些人應該參加就業保險呢？
勞動部勞工保險局,18. 何謂「農業用地」？ 
勞動部勞工保險局,10. 老年農民福利津貼暫行條例第4條第7項規定已領取社會保險老年給付者，於87年11月13日後，再加入農民健康保險者或加入勞工保險之漁會甲類會員，不適用本條例之規定。其中已領取「社會保險老年給付」者，包括哪些保險給付？
勞動部勞工保險局,12. 我在年滿66歲時才提出老農津貼的申請，請問可否追溯補發之前未領取之津貼？ 
勞動部勞工保險局,8. 我申請老農津貼，核定不合格，請問我該如何提出救濟？ 
勞動部勞工保險局,7. 如果溢領老農津貼，沒有繳還會有什麼責任？ 
勞動部勞工保險局,42. 老農津貼請領人若名下土地房屋沒有新增，卻因為公告土地現值調升而導致土地房屋價值合計超過500萬元，還可以繼續領取老農津貼嗎？
勞動部勞工保險局,11. 老年農民福利津貼暫行條例第3條有關老年漁民「已領取」勞保老年給付應如何認定？ 
勞動部勞工保險局,4. 我本來使用農會帳戶領取老農津貼，現在想換另一個帳戶領可以嗎？ 
勞動部勞工保險局,6. 我父親過世後因農會帳戶已結清，父親死亡當月之老農津貼領不到，該怎麼辦？ 
勞動部勞工保險局,5. 目前已經領取政府發放之生活補助或津貼（中低收入老人生活津貼、低收入老人生活補助費、身心障礙者生活補助費、榮民就養、收容安置…等）的人，可以同時領老農津貼嗎？
勞動部勞工保險局,13. 老農津貼請領人失蹤，是否仍具申領資格？ 
勞動部勞工保險局,34. 農民每年分配到的收益什麼時候可以領出來？
勞動部勞工保險局,33. 如果基金收益不佳，會影響我的退休儲金（本金）嗎？
勞動部勞工保險局,30. 修法後申請老農津貼時農保年資6個月以上未滿15年不得領取半額津貼之情形？
勞動部勞工保險局,31. 已經在領勞退了，後來參加農保並提繳農民退休儲金，還可以重複領農退嗎？ 
勞動部勞工保險局,2. 我是漁會甲類會員，以後可以領老農津貼(老漁津貼)嗎？要怎麼申請？每個月可以領多少錢？ 
勞動部勞工保險局,3. 請問我申請的老農津貼會在什麼時候入帳？ 
勞動部勞工保險局,17. 老農津貼排富規定內容？
勞動部勞工保險局,29. 我要如何申請開立農退儲金專戶？
勞動部勞工保險局,1. 有參加農保，以後可以領老農津貼嗎？要怎麼申請？每個月可以領多少錢？
勞動部勞工保險局,25. 配偶、子女、扶養人的所得及土地房屋之價值是否會合併計算？ 
勞動部勞工保險局,26. 錢還沒領完就被老天爺帶走了，誰可以領走我剩下的農民退休儲金？ 
勞動部勞工保險局,32. 農民退休儲金個人專戶的收益分配金額如何計算？每年什麼時候辦理收益分配？我要如何得知自己的農民退休儲金個人專戶分配到多少收益呢？
勞動部勞工保險局,30. 如果已開立勞工保險、職災保險、勞保年金、就業保險、國民年金、勞工退休金及老農津貼等專戶，是否可供存入農退儲金款項？
勞動部勞工保險局,24. 提繳的金額，可以減免稅額嗎？
勞動部勞工保險局,20. 如果帳戶內餘額不足，勞保局扣款失敗會怎樣？ 
勞動部勞工保險局,25. 來不及領錢就被老天爺帶走了，錢會歸國庫嗎？能否留給親人？
勞動部勞工保險局,18. 開始提繳農民退休儲金後農保退保，還可以繼續提繳嗎？ 
勞動部勞工保險局,17. 最近收成不好，不想繳了，可以嗎？ 
勞動部勞工保險局,16. 最近收成不好，想少繳一點，可以嗎？
勞動部勞工保險局,9. 老年農民福利津貼暫行條例第4條第7項規定已領取社會保險老年給付者，於87年11月11日修正施行後，再加入農民健康保險者或加入勞工保險之漁會甲類會員，不適用本條例之規定，其中「再加入」是什麼意思？109年2月17日修正放寬哪些對象？
勞動部勞工保險局,22. 因符合「提前」請領農民退休儲金之情形，而由農民決定請領之年限，要請幾年才划算？
勞動部勞工保險局,13. 提繳期間怎麼計算？
勞動部勞工保險局,21. 被勞保局停繳後，還可以補繳嗎？ 
勞動部勞工保險局,11. 農民沒有雇主，除了自己提繳之外，政府會幫我提繳嗎？
勞動部勞工保險局,10. 怎麼繳錢？跟誰繳？
勞動部勞工保險局,9. 每個月最高可以提繳多少
勞動部勞工保險局,28. 開立農退儲金專戶有什麼好處？
勞動部勞工保險局,7. 我沒有參加農保，但有參加農職保，可以提繳嗎？
勞動部勞工保險局,23. 已經在領農民退休儲金，但是還沒滿65歲，回去務農，可以再提繳嗎？ 
勞動部勞工保險局,5. 只要有農保資格就可以提繳嗎？
勞動部勞工保險局,4. 申請提繳，有年齡限制嗎？
勞動部勞工保險局,27. 什麼是農退儲金專戶？跟一般帳戶有何不同？
勞動部勞工保險局,2. 農民健康保險跟農民退休儲金有甚麼不同?
勞動部勞工保險局,1. 何時可以開始提繳農民退休儲金
勞動部勞工保險局,6. 只要有農保就一定要提繳嗎？
勞動部勞工保險局,12.領身障給付後，老農津貼會被取消？
勞動部勞工保險局,11.傷病期間薪資縮水，別忘了請勞保傷病給付！
勞動部勞工保險局,10.國民年金的5大給付保障
勞動部勞工保險局,9.洗腎可領440日失能一次金，還可繼續加保
勞動部勞工保險局,8.出事當天才加保 來得及領職災死亡給付？
勞動部勞工保險局,3. 參加農民退休儲金的對象為何？
勞動部勞工保險局,15. 最近大豐收，想多繳一點，可以嗎？
勞動部勞工保險局,6.失業勞工提早就業 還有獎助津貼可領
勞動部勞工保險局,4.失業給付如何領？領多久？
勞動部勞工保險局,5.領完失業給付 勞保老年錢照領！
勞動部勞工保險局,7.受僱勞工想繼續在工會加勞保，可以嗎？
勞動部勞工保險局,2.勞保退保後生子 還有錢領？
勞動部勞工保險局,14. 65歲以後，可以同時請領農民退休儲金及老農津貼嗎？
勞動部勞工保險局,8. 我想要提繳農民退休儲金，應該如何辦理
勞動部勞工保險局,12. 繳到什麼時候可以開始領？ 
勞動部勞工保險局,13.勞工退休金與勞保老年給付大不同
勞動部勞工保險局,19. 如果我65歲時忘記請領，直到70歲才提出申請，會影響我可以領取的總額嗎？ 
勞動部勞工保險局,1.未婚生子，勞保生育給付照領！
勞動部勞工保險局,3.生雙胞胎夫妻各可領一年育嬰留職停薪津貼及薪資補助
